Client,Best_Offer,Propensity_CL,Propensity_CC,Propensity_MF,Total_Expected_Revenue
1335,CC,0.013183732,0.9293463,0.011725766,379.13844930231573
27,MF,0.0014097898,0.0017017776,0.9449313,208.3462211987589
448,CC,0.26917824,0.9375674,0.009852582,206.02951489344323
966,CC,0.038071353,0.7613579,0.02267089,155.15767097737108
1549,CL,0.9710015,0.9156894,0.8997465,132.19526553688306
1293,CL,0.9636096,0.93267256,0.0016410843,94.8435932932794
479,CC,6.189684e-05,0.9079397,0.0085481005,92.74279490113258
614,MF,0.6351353,0.0021631988,0.9303507,79.96080152568373
374,CC,0.04209879,0.9349451,0.0028807619,71.85921306814467
349,MF,0.01937809,0.011069482,0.9022341,59.28048449294907
310,MF,0.014933619,0.008336811,0.9257139,51.96941285757082
801,MF,0.01700521,0.8584401,0.91215926,50.77328806956964
1169,CL,0.9645675,0.83759433,0.011060069,49.10693274313468
437,MF,0.030863415,0.071208484,0.8948357,48.61674373703344
629,CC,0.046874486,0.9530629,0.022241754,46.77700749661241
792,MF,0.13531035,0.0121417465,0.82687825,45.70731186968939
643,CL,0.9179838,0.012664031,0.9105519,43.213496017434764
69,MF,0.012970093,0.03272159,0.9717219,41.50866212423359
754,CL,0.86937004,0.8406008,0.02683968,40.994119638417445
475,CC,0.00045768422,0.93154484,0.001821328,39.766318455593925
1537,MF,0.88914186,0.011785098,0.93918324,39.55545564932483
388,CC,0.85605896,0.8675758,0.005258432,38.53963753306439
415,CL,0.8684989,0.8351793,0.0014172406,37.39391261070966
372,CC,0.9100293,0.9193682,0.786543,36.61461871381317
1502,CL,0.9404598,0.010214225,0.91187876,36.068283123554934
700,MF,0.08211806,0.03366071,0.8659032,35.22308661703553
673,CL,0.9644747,0.021157045,0.9432356,34.83003320637558
1264,MF,0.01348113,0.023602488,0.93773943,34.533761659402934
236,CC,0.90021956,0.9130526,0.007150182,33.32884449013642
417,CL,0.90254974,0.0041962797,0.0006763387,32.53756293705531
1484,MF,0.90997577,0.027440356,0.9572968,32.45277965797909
83,CL,0.93567365,0.89856845,0.00046859423,31.557617306304834
510,MF,0.016167793,0.024323376,0.85539436,30.379941812242784
729,CL,0.95952904,0.90556175,0.0042628734,30.18112106987408
127,CC,0.8278037,0.94119424,0.89181805,28.976428177356716
1583,CL,0.94320565,0.0067868517,0.007241524,28.53197105228901
22,CL,0.92710835,0.010946235,0.004101341,28.34488125270233
1524,CL,0.8834147,0.015840596,0.0061378535,28.09384902707168
914,CL,0.9497892,0.90553564,0.029145798,27.476631454144204
864,MF,0.0046745,0.014750004,0.8760929,26.893705683095114
564,CC,0.028558813,0.9233329,0.016691348,26.50427174448967
1058,CL,0.9649999,0.005222258,0.0022478236,26.36724408337048
129,MF,0.20113946,0.02676681,0.8853478,26.286170637815122
908,CC,0.0028338053,0.9704908,0.020492138,26.201518938583988
873,CL,0.90982425,0.8798844,0.0083474815,26.139092307559082
611,CL,0.9447122,0.040354244,0.9060974,25.446101631841486
1083,CL,0.90681183,0.018248305,0.0067848656,24.98428531650986
1175,CC,0.9803831,0.9859271,0.8551565,24.391276411414147
1231,CL,0.99719954,0.0059125847,0.006911542,24.366214504071642
1298,CL,0.9618324,0.0077268505,0.00044891366,24.279741484565392
1500,MF,0.72000176,0.78783137,0.8345201,24.130879910417967
924,CC,0.022126636,0.9492249,0.0059082396,23.768930236420463
686,CL,0.85464394,0.8209135,0.10261541,23.009480979650146
298,CL,0.9944406,0.008666702,0.013722371,22.838749356993606
553,CL,0.75710565,0.01612436,0.029547306,22.547417397477798
639,CL,0.933368,0.89482075,0.90914863,22.325707652355945
1534,CC,0.87701076,0.92488927,0.24710634,21.611589785133088
1469,MF,0.06461757,0.0074725095,0.9483043,21.5684116933548
863,CL,0.9366015,0.03866645,0.00811218,21.173884353467397
438,CL,0.9444934,0.9290567,0.0029552334,21.145478135985986
1442,CL,0.8933561,0.0019872815,0.84732515,21.131483582981993
961,CL,0.900112,0.8737114,0.008431726,20.740175014925853
1206,MF,0.004693665,0.0061709657,0.93424463,20.708366431253296
241,CL,0.87276393,0.0044641737,0.031055514,20.69697323867253
1329,CL,0.97012705,0.0008287118,0.9468998,20.37424449622631
404,CL,0.95641106,0.03462785,0.007566431,20.084632337093353
775,CL,0.9514009,0.021333402,0.92269725,19.95236485768642
542,CL,0.9029772,0.8660923,0.013732616,19.79963311978749
1041,CC,0.9359961,0.9423992,0.0006006606,19.636526211947203
203,CL,0.89133704,0.80973756,0.8840246,19.381843207606245
1056,CL,0.94465405,0.005552523,0.761928,19.356773703353745
477,MF,0.072367445,0.041552488,0.86212873,19.35648260691336
408,CL,0.9731339,0.9147828,0.0021282881,19.29750421643257
45,CC,0.7823801,0.93746275,0.0012664649,18.7787531525961
304,CL,0.9241909,0.0053694146,0.003584059,18.549831211566925
827,CL,0.92644095,0.90462565,0.043242123,18.514011625732692
1347,CL,0.8690096,0.02309247,0.003610096,18.280237951448985
1585,CL,0.9015588,0.02774783,0.90108967,17.992386813376633
1268,CL,0.8808802,0.017337881,0.008478486,17.9202488012399
1247,MF,0.018055893,0.0077433605,0.875138,17.8975094360326
287,MF,0.050133828,0.051892567,0.95951456,17.73834002931203
73,CL,0.9506248,0.084946066,0.003917441,17.59938951385873
455,CC,0.029950311,0.9389945,0.008111976,17.492839605190923
1514,MF,0.91521937,0.037162367,0.9170301,17.323279137419803
1160,CL,0.918204,0.90284777,0.0063316333,17.295311015993356
1117,CL,0.9169948,0.001515554,0.005547323,17.133720528653686
1591,CL,0.9230657,0.0037940105,0.0009930761,17.109682489718708
187,MF,0.9164846,0.0067726336,0.9887085,17.105204630919864
544,MF,0.9490877,0.0018417132,0.9825068,16.938977258705666
956,CL,0.84509236,0.040533107,0.008297756,16.86653433635831
1292,MF,0.89705205,0.016144857,0.91245663,16.79454604502235
384,CL,0.90827185,0.8875095,0.0038535695,16.779060077262777
630,CL,0.9866828,0.0037657088,0.0007106778,16.6996059268713
33,CL,0.9151081,0.90506864,0.0019235379,16.6586164318238
213,CL,0.8598548,0.40991545,0.014914979,16.429368832281657
1265,CL,0.95374066,0.106067404,0.0091092335,16.38083639491882
160,CL,0.9462111,0.010670517,0.01254911,16.130533720850945
1403,CL,0.92713696,0.005466119,0.020827131,15.96000048518181
1130,CL,0.9390537,0.017637117,0.05791166,15.896837877375738
1191,CL,0.8487617,0.11994895,0.01730749,15.628368017418046
1564,CL,0.97921616,0.0025946256,0.9463791,15.576600166037679
1399,CC,0.012433653,0.919903,0.39123306,15.524663348859175
692,CL,0.8949674,0.8605668,0.04948642,15.440023962663753
1338,MF,0.003972249,0.019341128,0.7862632,15.301524831312042
1030,CC,0.918209,0.9645135,0.0031466717,15.28306357562542
1431,CL,0.926535,0.008127783,0.00974969,15.265987916759082
955,CL,0.8445895,0.004514644,0.7975656,15.229612687442982
618,CC,0.013699584,0.8169486,0.011701576,15.171902435166496
678,CL,0.88063955,0.023906777,0.0018680737,15.107057018790925
500,MF,0.9374069,0.0051344302,0.9544897,15.06634899407625
855,CL,0.8534684,0.0143790785,0.043704968,15.057621376855032
518,CL,0.9038414,0.812504,0.012423095,15.038773170241289
1595,CL,0.92725307,0.003282507,0.006849075,14.968513803822653
156,CL,0.90487534,0.007589708,0.001366179,14.765626498843943
941,CL,0.7354578,0.074735925,0.001709818,14.525291115045547
450,CL,0.93539536,0.05846386,0.039614286,14.506132318370843
1342,CL,0.89579,0.016074479,0.00030788628,14.469887516285693
284,CL,0.91416305,0.83790976,0.0017391681,14.450104697048666
1121,CL,0.9366411,0.022871258,0.012298921,14.413902939856051
380,CL,0.90575075,0.03815011,0.0027161594,14.33027081830161
1565,CL,0.91170317,0.017588736,0.007318876,14.326764089720589
501,CL,0.895537,0.006083548,0.0005958115,14.28573445737362
1179,CL,0.89471,0.007865535,0.011029922,14.123636496918543
171,CC,0.0027845534,0.8968351,0.8618795,13.899668289635862
642,CL,0.9544439,0.011060659,0.0022971588,13.894998411898102
1091,MF,0.90305334,0.0019295132,0.9683418,13.88253919354507
42,MF,0.014265725,0.0025546555,0.9022549,13.782587751746178
1042,CC,0.0012286848,0.947143,0.009687868,13.742455463498231
49,CC,0.025148358,0.9003589,0.025626663,13.72725789121219
316,CL,0.91268516,0.007220981,0.008232963,13.70429357435022
1322,CC,0.019518645,0.95229256,0.011510118,13.604179450443814
1163,CL,0.9047161,0.86614794,0.049704507,13.527352163323336
1417,CC,0.014923289,0.9042973,0.0020973084,13.402977724160467
179,CL,0.9297673,0.010350632,0.00909062,13.145581533142497
905,CC,0.8028314,0.84394574,0.8192446,12.766980440616608
953,CL,0.8294755,0.02919639,0.013965668,12.626394893016135
947,CL,0.7716249,0.01049946,0.033208832,12.607524496785231
327,CL,0.95833707,0.16274475,0.004101602,12.45838189125061
360,CL,0.87293583,0.0022174171,0.030137975,12.394129993979421
1284,CL,0.8229367,0.034290623,0.011896011,12.37344130235059
1517,CL,0.88818705,0.026907982,0.007069165,12.371176779270172
802,CL,0.9438025,0.0036265636,0.020959323,12.336846649646759
777,MF,0.91078365,0.0012103481,0.93756115,12.258204961993862
1513,CL,0.91639847,0.003900604,0.011164968,12.202500140241213
1438,CL,0.88109994,0.0059239296,0.009414986,12.177430518865586
890,MF,0.026142232,0.91697615,0.9248121,12.162161170201642
537,CL,0.9198561,0.007343438,0.06285947,12.155240944453647
927,MF,0.0077882227,0.92241174,0.93363005,12.055135936268739
944,MF,0.006186153,0.039679855,0.7621649,12.026145371049642
1238,CL,0.9429125,0.014067984,0.022013234,11.949058896750211
1025,CL,0.9207885,0.0032148198,0.00024249351,11.937365540436335
515,CL,0.91503936,0.006725155,0.03675004,11.926557665105378
938,CC,0.91840976,0.9637987,0.024174016,11.924899028156485
1600,CC,0.8889774,0.91535014,0.011917194,11.787310238395417
1259,CL,0.9286125,0.009384391,0.0025522946,11.755570583513805
103,CC,0.012798247,0.94374037,0.035406742,11.566886409010205
300,CL,0.953939,0.015728405,0.0034039014,11.481337498341288
181,CL,0.88421756,0.0042275367,0.0006667811,11.444933150027481
112,CL,0.91454685,0.005885447,0.013643008,11.43183559179306
849,CL,0.88292253,0.004007487,0.00532275,11.361636315967356
1205,CC,0.023684183,0.8867514,0.0042054458,11.319698488286564
249,CL,0.96236163,0.0111403195,0.008915596,11.307749196887016
1154,CC,0.009429789,0.90300834,0.026403341,11.304696930263724
413,CL,0.9647924,0.0019493994,0.0036926758,11.301853486469813
1582,CL,0.9188186,0.030731382,0.0076151574,11.182678576111792
644,MF,0.0062057376,0.8157261,0.840423,11.177408654796224
1555,CL,0.8919442,0.016113484,0.005460505,11.021882265806198
1299,CL,0.8363455,0.004201422,0.02045398,10.97225548893213
1155,CL,0.8935496,0.8628272,0.027566582,10.886424751154014
1060,CC,0.810317,0.8484889,0.020371027,10.830068127470357
215,CL,0.8647016,0.05637352,0.03430242,10.81896148490054
1308,CL,0.8316601,0.006237971,0.004985384,10.779205855109863
1522,CC,0.0028902087,0.95712227,0.0028296679,10.697550472723586
600,CL,0.97493523,0.0037711724,0.017137872,10.65464933855193
118,CL,0.93506485,0.01976403,0.011702392,10.643375680595636
1291,CL,0.9548166,0.0062471624,0.0055032633,10.599828059673309
1005,CL,0.9485636,0.007824109,0.0025058256,10.400322062628609
898,CC,0.027965128,0.88669986,0.023888286,10.228716188243459
806,CL,0.8493684,0.0155724585,0.019394988,10.212744893325226
1483,CL,0.870172,0.045759402,0.0042747203,10.196862240007945
662,CL,0.73055345,0.011988015,0.008769433,10.123383496488843
1427,CL,0.9761114,0.048855495,0.012685089,10.109725339072092
1563,CL,0.93783295,0.010818015,0.039350316,10.102135589846544
1000,CL,0.8551857,0.007823602,0.0012221135,10.017889482634407
1463,CL,0.8426493,0.011021587,0.03704808,9.931223669222424
272,CL,0.7368902,0.022102239,0.04375846,9.925647775828837
836,MF,0.013510587,0.6475697,0.81705004,9.914805877687677
575,CL,0.969776,0.11246498,0.0039453204,9.885996768203166
1383,MF,0.0033888232,0.014182435,0.89864695,9.869924780965917
421,CL,0.92196083,0.033158332,0.001589054,9.845224584851946
416,MF,0.0072856965,0.011237172,0.9496367,9.841119014578206
444,CL,0.81617236,0.02582427,0.011113882,9.831670563135829
271,CC,0.9570136,0.9637182,0.0008342508,9.801564598849842
1001,CC,0.0149741825,0.9683681,0.001152695,9.786051473787852
519,CL,0.8697884,0.848289,0.010015712,9.782682214464462
679,CL,0.93321335,0.91810715,0.009943148,9.617170446642808
1372,CL,0.91298383,0.020855593,0.021494653,9.553723699280193
821,CL,0.9293411,0.009632338,0.003492344,9.525746047496796
447,CL,0.94989145,0.006584848,0.004754503,9.419869941856179
509,CL,0.93078196,0.037993163,0.009813041,9.407546243497304
294,MF,0.0062018363,0.002205565,0.93113023,9.403251414522527
102,CL,0.9618055,0.022036154,0.91672987,9.39867258307125
470,CL,0.8857424,0.031981405,0.010592445,9.395196446350644
1302,MF,0.0045644585,0.055056643,0.9155049,9.294390405224904
483,CL,0.85899943,0.0058511863,0.0061882525,9.285477065039533
720,CL,0.9109499,0.0073233647,0.006758772,9.25297346547246
222,MF,0.8214147,0.09509724,0.84195876,9.238855040371417
1323,CL,0.92509806,0.0499241,0.008767362,9.18490218264716
482,CL,0.845672,0.013471146,0.0017193075,9.151379265955516
578,CL,0.8832217,0.006361349,0.007325566,8.905321016035245
1220,MF,0.93700254,0.009745584,0.95301557,8.663586522340776
795,CL,0.83553153,0.034230836,0.0044030906,8.634024774645056
525,CC,0.8690063,0.92860395,0.0112661375,8.61730319472296
1246,CC,0.9240704,0.9348649,0.0026297148,8.595840922423772
480,CL,0.8019799,0.029174604,0.09322431,8.59264177935464
159,CL,0.8593139,0.0026151526,0.004517324,8.541887115900005
739,CC,0.8353768,0.93778354,0.008806371,8.509522162079811
730,CC,0.8436879,0.85662574,0.004233593,8.50424310352121
244,MF,0.014166931,0.05516464,0.9241588,8.46100397663457
1078,CL,0.90945625,0.022912854,0.024514854,8.444950921194895
990,CL,0.89843464,0.010716933,0.013362061,8.371806487696512
648,CC,0.0009602271,0.9321548,0.9130754,8.364782123512455
1151,CC,0.035834406,0.8155119,0.2244396,8.305721111828461
582,CL,0.859574,0.010349019,0.02406008,8.242700869483606
1350,CL,0.91923124,0.003726443,0.008930169,8.229089343249797
960,CL,0.83748835,0.0010832198,0.0035891712,8.225332040871892
884,CL,0.91066414,0.036526877,0.005461657,8.222971957645246
584,CL,0.9327495,0.0029941297,0.006692115,8.161558210849762
1266,CC,0.0023603882,0.9408342,0.0063656275,8.097894572785924
627,CL,0.8689477,0.0060943463,0.0073618246,8.08338583752513
546,CC,0.0047635413,0.9036897,0.0051386016,8.068335133003337
23,CL,0.97368354,0.011830243,0.5140321,8.032889172434807
1070,MF,0.037468735,0.007156823,0.8532476,8.000872111842035
348,CL,0.9519465,0.025182504,0.0013394775,7.921554778303419
1355,CL,0.8848933,0.80360466,0.017250262,7.909462279507092
718,MF,0.029209504,0.0140633695,0.9484373,7.8737230080579
339,MF,0.013047431,0.041139223,0.92177176,7.8376936340332035
225,CL,0.94379497,0.008531031,0.004189111,7.673727210760116
632,CL,0.5566355,0.016058836,0.0035807518,7.577846176429717
904,CL,0.9104161,0.01911957,0.011553427,7.5759627648762295
1557,CL,0.9326717,0.0022022254,0.043880645,7.5613029194729675
1558,CL,0.8882272,0.02209922,0.021973202,7.5499314069747925
1571,CC,0.0024399802,0.9786299,0.88057154,7.515010597439749
1065,CL,0.87674606,0.0059371027,0.01701966,7.514966215406145
465,CC,0.07642256,0.92860276,0.0056513594,7.428822040557861
593,CL,0.8656574,0.0025199351,0.032187216,7.358087807893753
808,CL,0.96291685,0.0017399854,0.0033423717,7.153096607753209
865,CL,0.93106616,0.0020656597,0.041284923,7.01624852844647
809,CC,0.059302606,0.9097804,0.014691191,6.825937125230474
120,CL,0.93426704,0.014519529,0.0055684433,6.818147420883179
341,CL,0.68908983,0.075080365,0.065736204,6.718625888228416
131,CC,0.013289128,0.86159676,0.85972476,6.698885298882212
143,CL,0.8782004,0.005651539,0.84516627,6.69487298901592
1104,CL,0.96337575,0.02129387,0.9240035,6.667570856085845
1499,CL,0.9378127,0.012432863,0.00085190526,6.665168732404709
634,CC,0.07283829,0.96947217,0.0014822925,6.647809164864676
1412,MF,0.0009233386,0.009752499,0.97470075,6.623613750029888
46,CC,0.010351403,0.92517835,0.00038109045,6.617338141351939
601,CC,0.020013718,0.95955586,0.00020442581,6.584952118992805
1209,CL,0.6951251,0.012671993,0.0026112525,6.554036685398647
900,CC,0.015790978,0.8321969,0.056351,6.54388952019824
1413,CC,0.0056091906,0.93225586,0.029657932,6.542220897343608
1552,MF,0.14188926,0.058980003,0.9371068,6.467040881280388
1527,CL,0.9596207,0.024478402,0.006380284,6.408895484038762
1040,MF,0.006632826,0.91872483,0.96498036,6.3696977607692995
420,CC,0.009687205,0.9374064,0.02169042,6.360972140516553
221,CL,0.8690304,0.030335147,0.016293328,6.294573523976974
192,CL,0.91367525,0.0040730652,0.0044017304,6.265201704842704
1196,CL,0.35434604,0.027263336,0.009132703,6.258636876940728
793,CC,0.015979497,0.8994771,0.010547598,6.19996732047626
1182,MF,0.004602762,0.011714796,0.88088083,6.163806326474463
666,CC,0.0047014793,0.90477765,0.016781067,6.139562598296574
982,CC,0.076732464,0.8970063,0.00288384,6.086828282901219
1408,CC,0.011668937,0.8727279,0.82341224,6.045132955695901
275,CC,0.04315185,0.9355313,0.0060172644,6.014129902635302
1253,CC,0.08690767,0.8309276,0.0062159584,5.984662443266383
970,CL,0.9447198,0.019298667,0.05170908,5.971978681428092
682,CL,0.63010615,0.03978056,0.004501082,5.9270214680582285
1135,MF,0.005268291,0.092967056,0.9642874,5.917280753936087
790,MF,0.03629953,0.0046099396,0.96713424,5.8803488652621
1303,CC,0.022999937,0.9654147,0.012395915,5.792488217353821
1353,MF,0.053631723,0.006694481,0.85948175,5.771266485250421
741,CC,0.0012405129,0.6456073,0.01361171,5.768040011780602
1488,CL,0.94361085,0.0055356584,0.011578601,5.729065856763294
502,MF,0.018494086,0.0091211805,0.94780713,5.726955351073827
704,CC,0.019605018,0.80495024,0.0032239857,5.721183811426163
96,CC,0.010397244,0.9358507,0.0006909733,5.715373794947351
585,CC,0.0025133982,0.91059554,0.0010151768,5.6941490156735695
441,CL,0.9110622,0.018757345,0.005647004,5.694138631224632
395,CC,0.011479647,0.81080854,0.009364163,5.675659775733948
1538,CC,0.40175027,0.9738391,0.042080518,5.67259290601526
1317,MF,0.03496391,0.019175056,0.94486076,5.657522504063589
658,CL,0.88601655,0.4896625,0.001955143,5.628291549533605
1261,CL,0.9085902,0.00824331,0.0076288525,5.600160581980433
881,CL,0.83937275,0.04233477,0.004916155,5.594119630072798
1159,CL,0.96712244,0.9627694,0.0075968374,5.532539230201925
278,MF,0.033920597,0.010404999,0.88507754,5.477207502456649
1273,MF,0.061061922,0.8116725,0.95321983,5.4368932119437625
182,MF,0.0030375682,0.004899985,0.93644565,5.425699227047818
122,MF,0.0034520666,0.81014013,0.92104286,5.3477131249117
694,CC,0.026650904,0.95638895,0.005749273,5.329477425813675
568,CC,0.0010087648,0.9557521,0.04540388,5.119076380197491
1495,CL,0.86200494,0.013543088,0.0069891526,5.103377078494855
245,CL,0.894635,0.019616997,0.013361797,5.086319610795805
82,CL,0.9351992,0.2943447,0.0046544736,5.0467356888311246
1367,CC,0.0012924229,0.97194177,0.0017478731,5.031881387574332
285,CC,0.03210887,0.88872004,0.03358105,5.014920200620379
319,MF,0.0165084,0.011554728,0.92379445,5.002346937954425
252,CC,0.0020040122,0.8832056,0.0046650274,4.980017820170947
184,CC,0.0123134395,0.84087867,0.007856461,4.865083707230432
303,CL,0.9354514,0.032348413,0.006685241,4.844301832573755
1467,CL,0.95319813,0.0077532735,0.0026508677,4.834076255559921
1479,CC,0.0026921649,0.93006706,0.008017669,4.783202035086496
628,CC,0.08962444,0.8688803,0.008694008,4.748741000379835
952,MF,0.24634352,0.8574872,0.8768712,4.718265327534505
1052,CC,0.018074578,0.81302816,0.79718745,4.7140849961340425
1409,CL,0.9704837,0.026982434,0.0009909624,4.708925651439599
1473,MF,0.014062238,0.0005622534,0.9372604,4.620358983533723
306,CC,0.006311604,0.8316788,0.0020974362,4.455422184297016
1108,CC,0.0033512085,0.762919,0.012665474,4.4140314076628
385,CC,0.033234928,0.96186894,0.000706483,4.328410238027573
1384,CC,0.0048329886,0.92754567,0.012688087,4.2733353929860245
47,CL,0.9429708,0.0020052246,0.0072448845,4.239664127251932
734,CC,0.01347933,0.93707716,0.0015768283,4.217851252172674
721,CC,0.00031294028,0.94257843,0.0074031046,4.207939441714968
1590,CL,0.9130681,0.047813445,0.00562199,4.206635247383798
1087,CC,0.0015325207,0.9107811,0.022354687,4.165256276411736
1330,CC,0.0060728434,0.9431447,0.011516245,4.109416101660047
478,CC,0.0012346408,0.91033906,0.06614777,4.0965257585048676
323,MF,0.0030335202,0.83220047,0.9429528,4.07841647791011
1199,CC,0.017897611,0.6903246,0.0012705952,4.067984276584217
735,MF,0.022261517,0.012276067,0.9265871,4.052660349607468
1190,CL,0.8977097,0.00872686,0.020233989,4.050594533767019
1144,CC,0.019123474,0.92470545,0.022212096,4.029073727982384
969,CC,0.0008904723,0.89028716,0.10601561,4.007246103031295
194,CC,0.0030460723,0.73741466,0.0126357535,3.9873064011335377
1255,CC,0.007830886,0.8375362,0.0017490584,3.9483850172587807
1400,MF,0.0031442302,0.034742404,0.8418365,3.920552899156298
556,MF,0.012052701,0.0044372543,0.93137795,3.892494549879006
67,CL,0.9167889,0.0015736073,0.005211293,3.8416728152760435
208,CL,0.6617164,0.032406945,0.0013236665,3.839136765577963
29,CC,0.0142771825,0.895407,0.0043118517,3.8384180262897694
833,CC,0.04916312,0.7670047,0.009364804,3.8344757810660766
895,CC,0.0159275,0.8918514,0.013996556,3.823175948687962
838,CL,0.9816319,0.0016719867,0.005275163,3.8213526563985005
148,MF,0.002262724,0.013096423,0.9022925,3.8207253241964754
859,CL,0.9162738,0.0031182575,0.0063063307,3.81791646652988
1267,CC,0.05117979,0.94155425,0.024905344,3.807943356478853
335,CL,0.89429617,0.0710905,0.0016062732,3.800758719444275
576,CC,0.0056347544,0.8542294,0.03049682,3.755863581406219
1391,CL,0.8593488,0.03115691,0.013799602,3.6984510997110713
494,MF,0.015323929,0.016210536,0.8423466,3.6741354040375778
747,CL,0.9402462,0.044060186,0.04305231,3.6710073077785115
1337,MF,0.002724332,0.009901266,0.920218,3.58901448905468
1450,MF,0.022222836,0.00939516,0.9135104,3.5615486025065186
1368,CC,0.007311138,0.9577649,0.01663219,3.5574125732694353
922,CL,0.839855,0.13110682,0.0068421992,3.5393889929567064
317,CC,0.07351396,0.8236241,0.06385351,3.53069991633296
569,CC,0.024317408,0.97399515,0.052894313,3.513339645096234
1461,CC,0.023084827,0.8162907,0.014080636,3.498388613973345
1079,CL,0.8553388,0.0034152968,0.016758895,3.497724784272058
964,CC,0.020247648,0.9280098,0.00060637295,3.481031076461077
1165,CC,0.008105387,0.9082756,0.006379849,3.4709103448050365
709,CC,0.026283322,0.8728248,0.0026723363,3.461062007929598
1085,MF,0.0075906496,0.016238537,0.91433257,3.4414824789123877
1033,CL,0.91954225,0.00070890086,0.84518504,3.4393674060915203
608,MF,0.08132264,0.0390362,0.8653738,3.40301122375897
44,CC,0.012095194,0.7614318,0.07109625,3.399249166250229
1574,CL,0.85704225,0.01943738,0.08850203,3.3798073420780046
68,CC,0.045480516,0.9644118,0.0070363665,3.3754412829875946
279,CL,0.80010575,0.02644,0.010161631,3.371874234506062
351,CC,0.05314481,0.9153119,0.007404973,3.3016606846026013
1406,CC,0.0542659,0.95902544,0.046701293,3.2908273044654304
20,CC,0.037902173,0.8492057,0.01585111,3.246088684052229
93,CC,0.01575963,0.94762826,0.009788298,3.2151673095566884
732,MF,0.028180221,0.0030974036,0.95020735,3.16713878814131
867,CC,0.011669278,0.93342805,0.047106903,3.166988023689815
921,CC,0.047949396,0.80832887,0.011940137,3.0898370939493183
1425,CL,0.12271996,0.0137019865,0.00529784,3.0620857642165253
1392,CL,0.9177885,0.01845448,0.860185,3.046632596211774
872,MF,0.038783595,0.13475184,0.90297925,3.0219168237064564
926,CC,0.013919484,0.87388134,0.012440757,2.9649545465196883
1178,CC,0.0031546375,0.962009,0.001148121,2.954741967575891
1456,CC,0.04029884,0.8173938,0.0113491295,2.948456134114947
915,MF,0.0038214785,0.0130123915,0.8426521,2.9413071884853497
497,CC,0.026724752,0.83147925,0.04163723,2.9398730673960274
1316,CL,0.8681086,0.0027524175,0.011951263,2.8799501828849317
1212,MF,0.013056854,0.021168701,0.9475033,2.8418331968784334
1362,CC,0.008251489,0.9760498,0.022433868,2.7887136595589777
1344,CC,0.07263698,0.97305876,0.0065140324,2.780167886189052
649,CC,0.02863783,0.9141761,0.0035423923,2.7425283193588257
529,CC,0.07334701,0.97899,0.9348246,2.6625356130940574
1043,CC,0.0021844795,0.92550355,0.0015191286,2.644295862742833
826,CL,0.93369573,0.07178553,0.035045806,2.634355819651059
985,CL,0.85707605,0.05613827,0.011356659,2.614388047584465
527,CL,0.95397997,0.0833068,0.005682926,2.559034938367466
21,CC,0.009068906,0.7061328,0.00862625,2.547121991004263
1561,CL,0.60387695,0.0014889593,0.019255651,2.5449099966457913
617,CC,0.0021978961,0.022069344,0.005558561,2.4380004644952713
1568,CC,0.00847185,0.7885134,0.017319456,2.4218626533235823
1018,MF,0.005768368,0.008531341,0.90243256,2.384033447546618
846,CL,0.9327868,0.030150188,0.009385074,2.3819377784218103
1141,CC,0.008804161,0.5871632,0.0022063,2.3696229543004717
219,CC,0.018345531,0.5491106,0.011688889,2.3539194388261864
491,CL,0.45303354,0.0052153068,0.009941354,2.338947430763926
1369,CC,0.0031675985,0.9175856,0.041883532,2.2634870776959826
1014,CC,0.0017820996,0.41614544,0.022414848,2.2442129296915874
1213,CC,0.005367729,0.93425214,0.027564095,2.2355319133826663
1309,CC,0.012217901,0.90100956,0.097625785,2.155987160546439
907,MF,0.009205321,0.00569186,0.9313293,2.131247340515256
492,CL,0.48499122,0.11768593,0.0047485293,2.074768942381654
935,MF,0.018584473,0.021037273,0.88248086,2.0692600302611077
883,MF,0.020706072,0.019524902,0.91076595,2.0327970639190505
277,CC,0.04332668,0.8291478,0.06710933,2.0145330679416653
547,MF,0.01954149,0.014264129,0.93892956,2.0114889115946633
705,CC,0.013223151,0.93331,0.14695054,1.9959500407321114
43,CC,0.00037267516,0.94977504,0.0016345498,1.9850199804929018
1029,MF,0.009872129,0.094899684,0.86092883,1.9765345754793713
782,CC,0.019196399,0.9822318,0.0070082173,1.9655159827853952
1254,CL,0.9260895,0.0009114463,0.0024011745,1.9514029281479972
1471,CC,0.008787333,0.92434657,0.0069499435,1.9487206358143263
1613,MF,0.06670328,0.017109005,0.93280154,1.9482226547173092
1012,CL,0.9100292,0.000680722,0.023896432,1.9175614714622498
503,CL,0.8973688,0.0057809125,0.016995704,1.8908842333725522
1287,CC,0.0071969796,0.9605611,0.0034036732,1.8868164398840495
906,CL,0.89365554,0.013122604,0.05570673,1.8830598848206657
230,CC,0.014405763,0.9533717,0.00982004,1.872694417834282
703,CL,0.8666281,0.004630815,0.0031023887,1.8261092326470785
1011,MF,0.012067603,0.011771745,0.91028404,1.825444606372288
831,MF,0.07026942,0.011896768,0.87774736,1.7771249165066652
1143,MF,0.03211672,0.019435938,0.8679031,1.7430904135746617
1214,CC,0.004808379,0.93389904,0.014746672,1.667676866054535
1432,MF,0.01652414,0.02565941,0.727588,1.6446087281405926
1232,MF,0.011789576,0.0044895248,0.8745287,1.6234247089689597
1506,CL,0.89519835,0.060432985,0.016225372,1.5985684735434398
452,CC,0.0043650195,0.8090069,0.0054713576,1.5891207541738237
672,CC,0.031096125,0.7890084,0.001262933,1.54983788728714
1545,CC,0.01106287,0.072645895,0.0019280566,1.5406118771327393
1158,MF,0.0060915747,0.6973593,0.92149836,1.5262316558510065
1364,CL,0.06507284,0.003283484,0.010559457,1.5243160683635093
167,MF,0.0037588906,0.10687215,0.89241934,1.5199813657147543
178,MF,0.05551114,0.006475256,0.95219755,1.5058324139458792
1113,CL,0.09336857,0.007503916,0.022016294,1.4811255942205235
554,CC,0.149644,0.8100743,0.12004365,1.446561302457537
860,CL,0.15255329,0.004527871,0.015432919,1.3893246065293041
86,MF,0.0025009317,0.027021967,0.93045706,1.3559750054457358
132,MF,0.012580648,0.022239327,0.907803,1.33738834676998
185,MF,0.012381003,0.0116837835,0.8359951,1.2919109653149332
1059,MF,0.0043440233,0.027952991,0.93685657,1.2824897230735846
770,MF,0.016111262,0.009418887,0.79826033,1.2735103211658343
911,MF,0.08492676,0.0019644017,0.9292492,1.270807602575847
557,MF,0.37539455,0.010059118,0.9393962,1.2661106695660522
334,CC,0.0064743944,0.7054639,0.0189792,1.2605127939156124
390,MF,0.0046985727,0.014883877,0.88146603,1.2162657182344367
563,CC,0.031452,0.918704,0.004966916,1.214986004680395
1536,MF,0.045444187,0.8465479,0.8574624,1.179623281615121
445,MF,0.03262556,0.014858985,0.84589887,1.1575219669938086
880,MF,0.0075069815,0.016179737,0.91507304,1.1433510787359307
942,MF,0.05821078,0.030400846,0.23841044,1.1183168406465223
269,CL,0.08907894,0.0082139615,0.0017523941,1.117749819218048
591,MF,0.015774386,0.37114337,0.837337,1.1009613133647613
322,CC,0.039869566,0.5904021,0.007116531,1.0542895112718855
387,CL,0.09792726,0.00719717,0.0072968383,1.0096649980066077
1315,MF,0.031485047,0.000600248,0.36603963,0.9973272735306196
1111,MF,0.010275719,0.00900937,0.8917948,0.9769125477929733
422,CL,0.90948147,0.0048103253,0.0059191077,0.9744444276605333
137,CC,0.019919403,0.10027615,0.009560799,0.9418795499950647
1579,CL,0.20358576,0.009272704,0.0005886632,0.8935233535564371
398,MF,0.0050799525,0.053802922,0.918204,0.8908218542486429
1554,CC,0.014934896,0.41413242,0.016237615,0.8856517530339105
1170,CC,0.0699567,0.979298,0.048052378,0.8754224581803595
449,CC,0.010005387,0.97545797,0.009616848,0.8719897463279112
963,CC,0.008545542,0.96537304,0.010708352,0.8629745418684824
412,CC,0.0031958476,0.8991874,0.006294291,0.8038092954456807
613,CC,0.05125814,0.89214015,0.13513167,0.796553705419813
134,CL,0.039301768,0.00076994975,0.00088163133,0.7915376064181326
1035,CL,0.05047086,0.006460135,0.0015841782,0.7913109649504935
1177,CL,0.051784933,0.002777291,0.0032532786,0.78047291295869
850,CC,0.012625876,0.8658824,0.010852251,0.774037013905389
1415,MF,0.008358995,0.9169167,0.96066904,0.773342273916517
1306,CC,0.004636115,0.86250883,0.020119984,0.7710212892932552
48,CC,0.04050425,0.8583702,0.054954488,0.7673216331430844
1492,MF,0.027204797,0.016112775,0.91966444,0.7500191980493921
725,MF,0.040798403,0.0014387976,0.28400967,0.7368529332908136
1275,MF,0.0026210358,0.07711575,0.75835735,0.735471204721502
147,CL,0.046424687,0.0013004638,0.0009796979,0.7248385848530702
693,MF,0.030643351,0.0027745597,0.9355936,0.7240362524028335
1167,CC,0.0063228435,0.33608964,0.013464557,0.7201920875481197
248,CC,0.036973413,0.06471237,0.017899254,0.6864826661694262
1223,CL,0.037715398,0.003951143,0.002773999,0.6808572183363141
512,MF,0.063245215,0.014066272,0.9103871,0.6764501282253436
1584,CL,0.13004918,0.015219271,0.045839593,0.6611143159121275
37,CC,0.063178286,0.940632,0.010411547,0.6046919907842364
292,MF,0.008965274,0.0038430549,0.8966455,0.5749739181250334
946,CC,0.002842488,0.87934846,0.0037327737,0.5665516486338207
973,MF,0.002188314,0.031826984,0.80527794,0.5527657884359359
604,MF,0.00022407598,0.0012196185,0.17874566,0.5505047053258334
34,MF,0.0043998854,0.0009290671,0.87934154,0.5285470772853919
1055,MF,0.0069098105,0.0022425938,0.96122396,0.49640351644584113
495,CL,0.098580174,0.0069831256,0.043635815,0.4424489458996271
1348,CC,0.009527232,0.29381514,0.035610415,0.4197359085083008
533,MF,0.059341785,0.028833797,0.84368277,0.3773973801306316
87,MF,0.0030629481,0.001705189,0.09596187,0.371869377504502
558,CL,0.043861452,0.010634796,0.0005358403,0.3648489606952561
1519,CC,0.0105427215,0.7903614,0.0027922196,0.33872631617954796
1277,MF,0.0040538684,0.039095107,0.046799,0.33188124674039765
1396,MF,0.015739895,0.008109874,0.10683463,0.3293385849227862
1470,CL,0.051397514,0.0031396584,0.028608304,0.29837409799452874
1436,CC,0.010218913,0.043048564,0.01689122,0.2921236848591694
1345,CC,0.020128407,0.022730162,0.000635574,0.2859743365459144
757,CL,0.06155658,0.014333122,0.028389316,0.2821847320381286
561,CL,0.0529684,0.03920202,0.0041903327,0.2761923790510212
1166,MF,0.026254361,0.009300324,0.8391847,0.268389250050698
499,MF,0.0063554808,0.0025108352,0.46912646,0.267485856456416
993,MF,0.018801035,0.002621112,0.9225096,0.25336067521146366
875,MF,0.0131755825,0.057069577,0.8814283,0.2488460972160101
1376,CL,0.06880357,0.019961225,0.0034514514,0.2457270398736
209,MF,0.0038568892,0.033726297,0.8961781,0.233646440080234
365,CC,0.026563782,0.2576221,0.0097840605,0.2297437021881342
917,MF,0.05694876,0.024192235,0.11748153,0.22372726617114883
36,MF,0.025209717,0.15046403,0.93662906,0.22295116658721653
520,CC,0.0056217476,0.9827439,0.010086824,0.21058798262051173
713,CL,0.017509205,0.008901728,0.012207695,0.2079218125436455
1505,CC,0.00056954595,0.9561071,0.006871277,0.20488008856773376
1149,MF,0.0142739285,0.023369323,0.10426132,0.20434721792515897
714,CC,0.005166868,0.9189234,0.059596535,0.19691215242658341
1224,CC,0.0047285846,0.9024122,0.00012612267,0.19337403774261475
234,CC,0.0330132,0.85184073,0.016284028,0.18253730024610246
291,CC,0.02264247,0.02694639,0.01608326,0.1780386485292443
691,CL,0.036724046,0.0018319548,0.0074603115,0.17050449869462422
683,MF,0.030395996,0.03247712,0.843637,0.16224947103432247
1103,CL,0.04773068,0.024770224,0.0031962744,0.16012180816116078
598,MF,0.28608477,0.038157664,0.9408641,0.15389848266329084
1258,MF,0.007198704,0.013184104,0.92497885,0.13577368152993066
901,MF,0.03377504,0.0032279997,0.9303837,0.1347394939831325
1596,CC,0.0101231225,0.01441693,0.010653617,0.09942352439143828
1094,CL,0.14643304,0.017046053,0.0053733326,0.08759236072323152
282,CL,0.1528637,0.0118445335,0.00896252,0.08713769481284545
123,CC,0.0073445886,0.019010294,0.003599903,0.07683226634881327
1230,MF,0.013358918,0.024982393,0.044578988,0.06898598409257829
1115,CC,0.0052388515,0.008343255,0.008029572,0.06738285681631948
1496,CL,0.07354539,0.02261573,0.011546737,0.06663910350529477
977,MF,0.021583213,0.015680294,0.044960413,0.06427733348283385
130,MF,0.50063986,0.00771289,0.89665776,0.06020416421549661
776,CL,0.018136235,0.003089861,0.01097382,0.05710970842479063
840,CL,0.033235785,0.014618904,0.018223485,0.051322796272246965
1404,CC,0.019829383,0.028300485,0.0017236358,0.05056690166637834
1027,CC,0.0042970064,0.055277914,0.00884307,0.04935528018644878
980,CL,0.018575238,0.0061827535,0.0058288258,0.047474714228883386
1592,CC,0.0034870377,0.043119002,0.008328061,0.04358797159511596
428,CL,0.11687702,0.01586164,0.025368046,0.04305302218667099
1573,MF,0.0020450738,0.006388,0.019558035,0.03285257252199309
1195,CL,0.0098668495,0.0083670225,0.0025148583,0.03277203590343041
451,MF,0.0076376977,0.008537935,0.010987269,0.02490707787236066
507,CC,0.008276771,0.022211723,0.009902439,0.017804939124699947
675,MF,0.011978552,0.013998979,0.9566132,0.016911554485559463
1,CL,0.0091548525,0.0027907582,0.00056665856,0.015284299304143392
950,CL,0.07681595,0.008067282,0.024597708,0.014793764464557171
615,CC,0.0034664974,0.014483487,0.005241787,0.014716317174024881
903,CC,0.004923186,0.0117058,0.0026799212,0.012429091777053796
939,CL,0.018620294,0.011250882,0.0075753485,0.012006927349139006
95,CC,0.0015399635,0.17573959,0.004837998,0.009349778577286217
1282,CC,0.0011388563,0.005239915,0.0032410906,0.0046121876338397014
75,MF,0.019312944,0.023536505,0.94760233,0.004568796956113407
767,CL,0.03758607,0.02130527,0.006013275,0.004130905250453257
762,CL,0.03303901,0.017962988,0.026221432,0.0038492118141480853
1346,MF,0.004737059,0.014424935,0.08753041,0.0030910574964114596
399,CL,0.075355634,0.014794753,0.03142587,0.002749763708561659
1411,CL,0.031224001,0.0021867226,0.00049240264,0.00039374625665784287
1057,CL,0.018809741,0.0029091947,0.004473841,0.0
468,MF,0.011728754,0.001051098,0.029876843,0.0
1125,CC,0.0030309875,0.009079296,0.0018360155,0.0
110,CC,0.0059254714,0.042293098,0.008726551,0.0
232,CL,0.023342045,0.0063814204,0.018239764,0.0
133,MF,0.003777392,0.0066944836,0.027560972,0.0
816,CC,0.010784222,0.030093383,0.002020519,0.0
369,CC,0.010325175,0.029934822,0.0058884528,0.0
570,CC,0.002757296,0.02850358,0.0005316657,0.0
1227,CC,0.0036568674,0.0040502776,0.0013150283,0.0
1439,CC,0.0045602047,0.024347486,0.000792507,0.0
886,CL,0.036183536,0.009593922,0.008938918,0.0
998,MF,0.009159992,0.009744687,0.024970027,0.0
1084,CL,0.085206844,0.014835063,0.004171688,0.0
158,MF,0.008404744,0.0047174604,0.114548706,0.0
650,CL,0.106203616,0.030800648,0.008560839,0.0
723,CC,0.05505044,0.06564931,0.0005758195,0.0
810,CC,0.0053581526,0.0114693055,0.0013016082,0.0
260,CC,0.005808923,0.056859028,0.011899617,0.0
330,CL,0.078755036,0.05008217,0.005266297,0.0
1161,CL,0.014136926,0.005298868,0.0029346559,0.0
971,CC,0.0063728066,0.062284708,0.021115545,0.0
476,CC,0.044623386,0.060663957,0.01328494,0.0
1516,MF,0.006689669,0.0019139069,0.038585506,0.0
325,CL,0.0092924815,0.004236797,0.004900027,0.0
1112,CL,0.58986306,0.04508064,0.003057051,0.0
931,CC,0.010949746,0.02461432,0.004743124,0.0
596,CC,0.018533306,0.055344246,0.0028626309,0.0
1426,CC,0.008988134,0.032000825,0.0036474199,0.0
851,CC,0.0048318515,0.013451401,0.0027616825,0.0
371,CL,0.009678449,0.006766225,0.002000539,0.0
1015,CL,0.028746353,0.0076988083,0.0092669185,0.0
1424,CL,0.03384103,0.003688836,0.0018146243,0.0
1248,CC,0.018927027,0.021458749,0.0011497939,0.0
12,CL,0.036740504,0.018478326,0.016975034,0.0
1393,CL,0.030436326,0.0004006439,0.009399838,0.0
1211,CL,0.03188453,0.013456958,0.008783243,0.0
150,MF,0.019415345,0.010240044,0.02302115,0.0
943,CC,0.061555836,0.18531561,0.013510339,0.0
834,CC,0.010446018,0.09404566,0.0031545612,0.0
1269,CL,0.0671696,0.014996762,0.0028231605,0.0
117,CL,0.18027665,0.003731442,0.03340052,0.0
571,MF,0.0073579256,0.027831145,0.07871018,0.0
440,CC,0.0040433626,0.007578023,0.006595696,0.0
1007,MF,0.007558965,0.0030965453,0.05093546,0.0
217,CL,0.28113773,0.027478691,0.0044998215,0.0
9,CL,0.055511527,0.0016513349,0.00048845203,0.0
4,MF,0.013602136,0.001618203,0.08389695,0.0
1548,MF,0.008368831,0.034186844,0.14083588,0.0
1128,CC,0.029075187,0.119193256,0.0180967,0.0
1371,CC,0.0031935864,0.018462408,0.0067124227,0.0
1019,MF,0.00718333,0.0078112567,0.031694878,0.0
1207,CC,0.003287911,0.026903758,0.00091979775,0.0
877,CC,0.013109742,0.033159554,0.008385741,0.0
759,CC,0.0031561374,0.02203405,0.008755915,0.0
296,MF,0.013918678,0.0017924511,0.01630013,0.0
1140,CL,0.018749192,0.0030189652,0.004812958,0.0
697,MF,0.041605078,0.012349731,0.40529242,0.0
1114,MF,0.012308645,0.0035747103,0.045029454,0.0
243,MF,0.009430938,0.004428599,0.013100319,0.0
164,CL,0.058855742,0.0009080177,0.0067848433,0.0
825,CL,0.03523092,0.017363977,0.010493175,0.0
1225,CL,0.09498698,0.0014302887,0.079121076,0.0
1464,CL,0.054793507,0.025022153,0.011780335,0.0
358,CL,0.044016484,0.010002001,0.0015110882,0.0
992,CL,0.013533416,0.0063929595,0.008195856,0.0
1252,MF,0.054008327,0.0040540183,0.12085242,0.0
1073,CL,0.033785816,0.020061478,0.01873021,0.0
1481,CC,0.010164413,0.023532413,0.0002315122,0.0
1208,CL,0.04901816,0.0073238737,0.004324331,0.0
603,MF,0.009798337,0.0014854203,0.01667409,0.0
488,CL,0.019713616,0.018545983,0.0012841785,0.0
206,CC,0.010548673,0.20604351,0.005476599,0.0
785,CC,0.024610981,0.06346844,0.04019616,0.0
32,CL,0.014369661,0.0028593861,0.001175406,0.0
651,CC,0.0045672734,0.036248345,0.01982272,0.0
746,CC,0.022129603,0.068218924,0.0013752411,0.0
361,CL,0.010828848,0.0069611385,0.0041444246,0.0
1053,MF,0.0026536703,0.015429363,0.045822505,0.0
1465,MF,0.04800601,0.019753216,0.0569203,0.0
1352,CL,0.020451419,0.0013682703,0.013774024,0.0
436,CL,0.041566886,0.0140916025,0.0023197443,0.0
1045,CL,0.037747353,0.03648086,0.006239949,0.0
1532,MF,0.0030536,0.015957085,0.038503844,0.0
1028,CL,0.006945597,0.004236459,0.0022791852,0.0
340,MF,0.00064285425,0.011108616,0.022465654,0.0
1343,CL,0.019386247,0.007133269,0.0016300079,0.0
26,CC,0.008781873,0.04553647,0.0023178284,0.0
324,CL,0.060263596,0.002667057,0.0026159722,0.0
633,MF,0.0035615375,0.031186331,0.05422884,0.0
70,CC,0.00914784,0.03147431,0.006054032,0.0
894,CL,0.0063408446,0.0008220733,0.0043941676,0.0
1423,CL,0.020631185,0.015202064,0.004491923,0.0
1311,CC,0.005981217,0.017418288,0.0022894726,0.0
819,CC,0.0010314245,0.029470077,0.0064803194,0.0
126,CL,0.351705,0.004873408,0.0012009054,0.0
981,MF,0.0057984097,0.0029176595,0.018386317,0.0
79,CL,0.006694423,0.0026916885,0.006194223,0.0
393,CL,0.01283471,0.012215914,0.002682863,0.0
1361,CL,0.030887041,0.026141383,0.013385335,0.0
1508,CC,0.01737445,0.024615327,0.0054538045,0.0
702,MF,0.0038504533,0.0026752062,0.0053397194,0.0
430,MF,0.0029749689,0.0089401305,0.03296361,0.0
342,CL,0.037123837,0.008311886,0.011068997,0.0
1236,CL,0.082395285,0.028037958,0.004023462,0.0
1528,CL,0.15914547,0.08313906,0.008998053,0.0
1523,MF,0.013455237,0.008824078,0.1347659,0.0
690,CC,0.0009570172,0.02359957,0.015904577,0.0
264,CL,0.06425464,0.0052942904,0.03129046,0.0
1599,CL,0.036648393,0.02674238,0.004128032,0.0
346,CL,0.035303503,0.010298979,0.0015016855,0.0
382,CC,0.0034369177,0.3466009,0.002710339,0.0
684,MF,0.0073671746,0.0005798551,0.011306742,0.0
84,CC,0.014445042,0.17874339,0.0045921067,0.0
1146,CL,0.24704498,0.02413506,0.0012790413,0.0
189,CL,0.0075690597,0.0027006946,0.0012761828,0.0
636,CC,0.011397887,0.038946576,0.009110739,0.0
51,CL,0.073417015,0.01138252,0.008274888,0.0
473,CL,0.032779835,0.015192303,0.0011158282,0.0
1294,CL,0.044383768,0.008638292,0.005345385,0.0
199,MF,0.02108023,0.015042135,0.094304614,0.0
125,CL,0.012534268,0.007989684,0.0077687358,0.0
1250,CC,0.015227049,0.1006085,0.0057937005,0.0
736,CL,0.1827083,0.03644494,0.0005569145,0.0
929,CC,0.00066843187,0.03691005,0.027863087,0.0
791,CC,0.0045913914,0.016886812,0.00024396958,0.0
107,CL,0.0855299,0.024146995,0.005330688,0.0
343,CC,0.014226599,0.05846525,0.017792402,0.0
151,CL,0.038640864,0.021994604,0.0030914652,0.0
583,CL,0.015331457,0.002093178,0.0032836555,0.0
722,MF,0.00389868,0.002418224,0.006117949,0.0
104,CC,0.014554764,0.53093654,0.000903994,0.0
101,CC,0.025131099,0.078126475,0.009246885,0.0
1147,CL,0.09523327,0.019417433,0.0029974836,0.0
1168,MF,0.008683576,0.0086676935,0.009058871,0.0
954,MF,0.012409577,0.012605622,0.027966797,0.0
418,CL,0.0037877762,0.0008922363,0.0011246611,0.0
724,CL,0.055000395,0.029598955,0.028138725,0.0
311,MF,0.009379068,0.010656965,0.019495877,0.0
813,CL,0.05179759,0.005746456,0.0007926653,0.0
338,CL,0.07826578,0.011712886,0.0072816354,0.0
1237,CL,0.051543254,0.01574268,0.013552367,0.0
1588,CL,0.3763959,0.03203103,0.022975711,0.0
1101,CL,0.030664371,0.013963783,0.0064188605,0.0
975,CL,0.03968149,0.011512071,0.011683167,0.0
983,MF,0.0033522055,0.008270538,0.07828193,0.0
61,CL,0.2210702,0.011151756,0.051725116,0.0
1606,CC,0.0036494683,0.026852466,0.012584167,0.0
1139,CC,0.030261148,0.05413752,0.0023675256,0.0
1390,CC,0.010174387,0.06261196,0.017938282,0.0
543,CC,0.0026830265,0.027349908,0.021507459,0.0
1138,CC,0.021700554,0.051950358,0.0041237627,0.0
490,CL,0.033260997,0.02104825,0.023150498,0.0
1559,CL,0.029718025,0.01744456,0.008637903,0.0
6,MF,0.015761642,0.003129284,0.043124158,0.0
410,CL,0.034359332,0.0009890534,0.0019153812,0.0
1009,MF,0.011706226,0.010747769,0.018325971,0.0
140,CC,0.0065345517,0.007863731,0.0024351592,0.0
799,CC,0.0043546846,0.13961083,0.024036873,0.0
1518,CC,0.0018794967,0.03042937,0.020616703,0.0
1394,CL,0.022012547,0.0057232766,0.02030909,0.0
458,CL,0.07481903,0.015692024,0.013721848,0.0
738,CL,0.097299345,0.04935273,0.0050991145,0.0
397,MF,0.053678356,0.0033242032,0.06451581,0.0
784,CC,0.028356636,0.09555423,0.0023927381,0.0
326,CC,0.01275131,0.030404083,0.022626394,0.0
489,MF,0.0061619007,0.03286697,0.10523112,0.0
1102,CC,0.0068770656,0.019686535,0.002200424,0.0
760,CL,0.0677891,0.014287756,0.006132402,0.0
345,CL,0.0059683262,0.0024502934,0.00091793295,0.0
645,CC,0.021475846,0.07535781,0.0041690404,0.0
376,CC,0.0014361618,0.01409846,0.004280903,0.0
965,CL,0.0046580364,0.0016829643,0.0006045336,0.0
88,CL,0.02569149,0.008846084,0.0016761611,0.0
1457,CC,0.0012902435,0.049937967,0.007040382,0.0
1332,CL,0.22940399,0.04462122,0.018314736,0.0
1006,CL,0.034169644,0.013501935,0.007242131,0.0
513,CC,0.0031198037,0.08420465,0.0063842544,0.0
207,MF,0.01873117,0.066564985,0.11000111,0.0
727,CC,0.012054614,0.024781441,0.0032962207,0.0
1285,CL,0.0050819004,0.0039355885,0.00041439844,0.0
1086,CL,0.046412975,0.01821874,0.001006964,0.0
256,CL,0.010571311,0.0061668553,0.00230084,0.0
60,CL,0.0116138635,0.0020808557,0.007602951,0.0
1459,CL,0.015223781,0.0019328246,0.0031850534,0.0
892,CC,0.03926277,0.07542919,0.035268493,0.0
879,CL,0.02978087,0.0038910783,0.013956662,0.0
562,CC,0.016694384,0.033738993,0.003451407,0.0
852,CL,0.08512663,0.004149401,0.0014074589,0.0
638,MF,0.0022111558,0.016633281,0.03549775,0.0
1013,CL,0.028147835,0.017661788,0.0020734821,0.0
329,CL,0.03250144,0.009213439,0.004934383,0.0
233,CC,0.01665783,0.06494611,0.015057014,0.0
1017,CC,0.07476447,0.2788677,0.0018539362,0.0
1228,CL,0.050550662,0.015151839,0.006905185,0.0
1279,CL,0.0044064675,0.0013481145,0.0022430816,0.0
711,CC,0.030752648,0.12084651,0.001113059,0.0
1497,CL,0.019252533,0.014609395,0.011415179,0.0
231,CL,0.059781186,0.04191387,0.01885532,0.0
16,CC,0.00630446,0.011449481,0.008107281,0.0
885,CL,0.033916704,0.013575151,0.02446637,0.0
1389,CC,0.0008950087,0.009636537,0.0027900045,0.0
1092,CC,0.010411521,0.17130719,0.022059858,0.0
716,CC,0.028946387,0.11206557,0.011583372,0.0
72,CL,0.045333527,0.022330593,0.009294285,0.0
139,CL,0.0094837155,0.0044969427,0.008880072,0.0
302,CC,0.0063135237,0.027408123,0.0009960638,0.0
1373,CL,0.022909265,0.0040610246,0.0039509684,0.0
1521,MF,0.009044031,0.0050417413,0.009405443,0.0
811,CL,0.03553181,0.022546344,0.01002177,0.0
1046,MF,0.003725117,0.0056451196,0.012814589,0.0
1486,CC,0.010723233,0.016954668,0.0011166284,0.0
1003,CL,0.035021454,0.008242492,0.008950386,0.0
753,CL,0.020793993,0.0067486516,0.0035959613,0.0
1312,CC,0.02679167,0.028970461,0.005437815,0.0
145,CC,0.004892407,0.011680331,0.0033601997,0.0
1270,CC,0.009506614,0.046168495,0.023099564,0.0
549,CL,0.08088999,0.0022239317,0.006713284,0.0
496,CL,0.024444822,0.0051819496,0.0031756384,0.0
17,CC,0.0021563114,0.0025569361,0.0008778788,0.0
146,CL,0.15426096,0.012894713,0.10380444,0.0
1162,CL,0.05709093,0.0120268995,0.009734817,0.0
76,CC,0.002567752,0.0038469725,0.0019636988,0.0
1333,CL,0.0066259615,0.0042403345,0.003798019,0.0
220,CC,0.03434303,0.05908875,0.003545206,0.0
664,CC,0.016737577,0.053737067,0.029814463,0.0
640,CC,0.0059846058,0.08845595,0.011085916,0.0
848,CL,0.050352007,0.014149746,0.010570394,0.0
1478,CL,0.019310705,0.0070612873,0.0005365438,0.0
676,CC,0.015876243,0.02037306,0.010724382,0.0
1553,CL,0.016805254,0.002817887,0.0037830072,0.0
539,CL,0.05140586,0.010203794,0.008509718,0.0
362,CL,0.009753225,0.003124868,0.006188748,0.0
58,CL,0.013816802,0.008620045,0.0053460593,0.0
286,CL,0.025582379,0.020536756,0.007569263,0.0
1296,CC,0.0068829954,0.023659796,0.0040070643,0.0
1388,CC,0.029422047,0.57996804,0.008762672,0.0
552,MF,0.0063664294,0.033493236,0.044972096,0.0
1382,CL,0.07960579,0.0064319475,0.016881239,0.0
798,CC,0.018579511,0.11439466,0.020265652,0.0
847,CL,0.026018176,0.004521125,0.0240525,0.0
899,CL,0.0390059,0.017274035,0.004646501,0.0
1044,CL,0.028519329,0.020795502,0.00060767535,0.0
843,CL,0.02209433,0.00435331,0.007134667,0.0
979,CL,0.08487139,0.06974484,0.0006113927,0.0
1188,CL,0.014569017,0.0008247528,0.011644331,0.0
163,CC,0.0055243843,0.031045679,0.0030241825,0.0
427,CL,0.090725146,0.0013372966,0.0011768237,0.0
1037,CL,0.016792739,0.0021485116,0.0025539594,0.0
1063,CL,0.054470696,0.005644148,0.0006129228,0.0
976,CL,0.010554033,0.008705481,0.0028484869,0.0
1116,CL,0.0053658606,0.0014466406,0.005107266,0.0
550,MF,0.0022084771,0.007356763,0.020304367,0.0
1076,CC,0.012835127,0.08435695,0.0077460934,0.0
715,CL,0.013988366,0.012460169,0.0053548855,0.0
356,CC,0.015778176,0.02835332,0.01071487,0.0
481,CC,0.01672279,0.019997329,0.0059375553,0.0
893,MF,0.008983654,0.011680513,0.14642522,0.0
50,CC,0.0119194975,0.087550074,0.0039838385,0.0
462,MF,0.019002445,0.01257453,0.024312187,0.0
105,CC,0.029403526,0.05166753,0.001163991,0.0
1004,CC,0.03682944,0.0838323,0.011763787,0.0
1580,MF,0.003226972,0.013786122,0.019190012,0.0
1491,CC,0.029990392,0.1202172,0.0049190223,0.0
1379,CL,0.06734179,0.014171314,0.0066817175,0.0
1142,CL,0.017956806,0.016330007,0.00033833954,0.0
1578,CC,0.06590885,0.23198338,0.03567535,0.0
661,CL,0.0070197913,0.004204411,0.0016535525,0.0
889,CC,0.040155858,0.084384084,0.030475425,0.0
891,MF,0.008389053,0.009150316,0.02831847,0.0
1186,CL,0.735822,0.017016437,0.001669174,0.0
307,MF,0.024142131,0.0005929976,0.0458877,0.0
1440,MF,0.022006249,0.00424341,0.064380996,0.0
1034,CC,0.006494137,0.04990134,0.010038456,0.0
375,CC,0.002212938,0.009347939,0.009091247,0.0
761,CL,0.09490536,0.008877088,0.0016293048,0.0
536,CL,0.02615797,0.0113175195,0.008453981,0.0
1458,CL,0.015501442,0.0039985324,0.008709136,0.0
1288,CL,0.010281884,0.00432736,0.00076773926,0.0
1494,CC,0.00021909228,0.0034576992,0.0032499016,0.0
1176,CC,0.006260978,0.025488747,0.0007725345,0.0
1421,CC,0.0072500505,0.021562219,0.00934872,0.0
824,CL,0.049503144,0.010466038,0.0017915119,0.0
822,CL,0.020797964,0.0014892132,0.009387862,0.0
80,CL,0.041623704,0.021313556,0.0068412204,0.0
663,CC,0.0026922761,0.033011563,0.017650094,0.0
77,CL,0.028492142,0.014368026,0.0009836461,0.0
90,CL,0.045638483,0.010014908,0.015496481,0.0
240,CL,0.06461898,0.0018182523,0.0110380445,0.0
1402,CC,0.0081865005,0.048763078,0.037545733,0.0
1088,MF,0.002827829,0.021971943,0.12287469,0.0
1550,MF,0.0004639299,0.028849978,0.04312892,0.0
1127,MF,0.05348636,0.004962926,0.10998688,0.0
1572,CL,0.025295435,0.009573686,0.008912508,0.0
707,MF,0.0009944958,0.007933485,0.017154803,0.0
2,CL,0.025189301,0.021261204,0.013243918,0.0
262,CL,0.022415549,0.011035812,0.020624157,0.0
936,CL,0.03780858,0.019822994,0.005402079,0.0
1024,CL,0.057959013,0.0074747414,0.0058690733,0.0
419,CC,0.0055248355,0.03165814,0.004940582,0.0
528,CL,0.050437506,0.0028050842,0.0018327084,0.0
1445,CL,0.0076904455,0.006486201,0.005375892,0.0
1466,CC,0.051670745,0.10585499,0.0076116985,0.0
328,CC,0.052104387,0.08841621,0.04540752,0.0
909,CL,0.0047343373,0.0022913544,0.0034232505,0.0
469,MF,0.020077398,0.008711204,0.043887544,0.0
54,MF,0.011960135,0.021614304,0.05434991,0.0
654,CL,0.024949856,0.016154677,0.010884356,0.0
1145,CL,0.018384468,0.008783724,0.007701909,0.0
1378,CL,0.028334718,0.02410401,0.010002284,0.0
1418,CC,0.012556917,0.043900684,0.01585765,0.0
619,MF,0.0051189037,0.016793756,0.3241438,0.0
429,CL,0.02630696,0.018055817,0.022483032,0.0
594,MF,0.019428708,0.024072904,0.322272,0.0
308,CC,0.01470932,0.061452642,0.009486937,0.0
314,CL,0.049145162,0.0053241565,0.012552803,0.0
1334,CL,0.011997794,0.007453412,0.005868876,0.0
174,CL,0.014767491,0.0076209577,0.0010385672,0.0
1120,CC,0.013892793,0.07060506,0.0023231858,0.0
534,CL,0.04638295,0.02852795,0.025471712,0.0
1026,CC,0.011048007,0.019763554,0.002896285,0.0
172,CL,0.038303103,0.020987771,0.007565127,0.0
424,MF,0.0009545093,0.012810463,0.030712133,0.0
456,CL,0.07104479,0.052790243,0.0051216655,0.0
193,MF,0.004563453,0.0029917918,0.026373131,0.0
162,MF,0.012239303,0.0033755181,0.026796015,0.0
124,CC,0.0018332737,0.035813347,0.019052343,0.0
363,MF,0.004731842,0.0048014657,0.009150157,0.0
3,CC,0.011884617,0.012355397,0.011568521,0.0
195,MF,0.00072930416,0.0007403603,0.0018116471,0.0
1171,CL,0.033973154,0.029281244,0.022125991,0.0
1239,CL,0.03322236,0.0135355415,0.018768104,0.0
1520,CC,0.019658698,0.02359263,0.020903653,0.0
688,CL,0.026896937,0.007357776,0.001901224,0.0
63,CC,0.009995634,0.035458826,0.009145268,0.0
1381,CL,0.015076855,0.014452029,0.014148908,0.0
204,CL,0.026464688,0.007515662,0.004891908,0.0
668,CC,0.03811203,0.04984665,0.014723142,0.0
1274,MF,0.0056241043,0.0017250247,0.042760525,0.0
820,CL,0.022116192,0.019366655,0.005276221,0.0
357,CL,0.027241662,0.025076728,0.0047140047,0.0
932,CC,0.041582406,0.08037893,0.017078953,0.0
871,CC,0.0066161756,0.0127154505,0.001952665,0.0
223,CC,0.008650138,0.0176811,0.011152681,0.0
332,MF,0.011727418,0.016327593,0.030047571,0.0
135,CC,0.019287836,0.038038608,0.00090536324,0.0
1331,CC,0.020299321,0.05984117,0.0151703935,0.0
1380,CC,0.010780789,0.04649204,0.036840167,0.0
1289,CL,0.5195598,0.0050088083,0.24229188,0.0
1336,CL,0.023328917,0.016970357,0.0019622282,0.0
1069,CL,0.039523724,0.003145423,0.0024047329,0.0
641,MF,0.01946247,0.0012927608,0.033652026,0.0
588,CC,0.008926904,0.017900495,0.002757979,0.0
968,CC,0.0034496542,0.08862689,0.017655136,0.0
1049,CL,0.044495128,0.033971097,0.014042201,0.0
466,CC,0.013051023,0.07558934,0.0066969604,0.0
109,MF,0.0021477707,0.013777763,0.016006885,0.0
18,CC,0.0037853715,0.025171159,0.003761963,0.0
1201,CC,0.0028481092,0.022231672,0.0008947465,0.0
882,CL,0.04530471,0.0009405253,0.0017947272,0.0
97,CC,0.0014260325,0.0023987875,0.001422579,0.0
1098,MF,0.0028647168,0.00030054414,0.008116501,0.0
1038,CC,0.009539555,0.01707175,0.012852527,0.0
1444,CL,0.02411323,0.013357046,0.012575572,0.0
1110,CL,0.0950581,0.0071058455,0.001231305,0.0
273,CL,0.016061684,0.0077991704,0.0074897096,0.0
1489,CC,0.03206198,0.032484937,0.0067836964,0.0
1428,CC,0.016764145,0.049566556,0.003441471,0.0
530,CL,0.6941429,0.0051391358,0.035353307,0.0
962,CC,0.007731524,0.08518954,0.016231934,0.0
8,MF,0.023991048,0.014579434,0.03509397,0.0
624,MF,0.030280303,0.02169496,0.079896,0.0
1319,CL,0.015393906,0.008892133,0.0037769633,0.0
532,CL,0.04596274,0.027323743,0.012771728,0.0
685,CC,0.01588848,0.021082135,0.006661181,0.0
85,MF,0.02281807,0.02949934,0.031856254,0.0
1100,CC,0.012082193,0.3381146,0.081670746,0.0
1546,CC,0.0013016186,0.05703802,0.012071242,0.0
1569,CL,0.31595105,0.01959668,0.010011699,0.0
1082,CL,0.056071468,0.006688886,0.005549838,0.0
268,CL,0.03529106,0.018612236,0.014091006,0.0
435,CL,0.0062413476,0.0018949133,0.0023589097,0.0
35,CL,0.032496102,0.01456554,0.012867503,0.0
797,MF,0.013736653,0.014456464,0.026424948,0.0
19,CC,0.004058019,0.05858828,0.008717802,0.0
247,CL,0.04808825,0.017533371,0.012684111,0.0
959,CC,0.015934907,0.051079027,0.042640414,0.0
457,CC,0.011795644,0.018796615,0.00011929276,0.0
293,MF,0.030920736,0.0023021959,0.062435143,0.0
238,CL,0.09864227,0.05329329,0.006466069,0.0
1036,CL,0.028312828,0.0047135754,0.01017359,0.0
1611,CL,0.034823056,0.005054123,0.0051693027,0.0
10,MF,0.010352605,0.008304615,0.049562287,0.0
631,CC,0.01057232,0.021944657,0.0031787856,0.0
460,CL,0.04439892,0.003967059,0.0051639206,0.0
154,CL,0.015761154,0.0105363615,0.009200021,0.0
1405,MF,0.033371717,0.002199484,0.045613866,0.0
1556,MF,0.0166775,0.028045546,0.03641693,0.0
370,CC,0.0032738505,0.0198493,0.004214275,0.0
1477,CL,0.025126556,0.007864787,0.0022883792,0.0
1482,CL,0.00787727,0.0040141596,0.0071750884,0.0
1507,MF,0.025753295,0.040993232,0.1621625,0.0
695,CL,0.03771924,0.0038835467,0.024991889,0.0
168,CL,0.075643964,0.0016952318,0.013097815,0.0
1313,MF,0.006065221,0.0077757156,0.016334955,0.0
1216,CC,0.0006091717,0.012989086,0.00076949276,0.0
972,MF,0.028441954,0.011727258,0.03667853,0.0
386,CC,0.01441145,0.041621678,0.0034266831,0.0
401,CC,0.0043038134,0.018629087,0.003038852,0.0
696,CL,0.016802678,0.0022985907,0.012793277,0.0
1340,CL,0.011178426,0.0074084476,0.004092522,0.0
57,MF,0.048905764,0.026715098,0.10546477,0.0
653,MF,0.0029323085,0.023558017,0.044940114,0.0
423,CC,0.012410365,0.03303115,0.026491687,0.0
745,MF,0.0020315622,0.008232554,0.03866186,0.0
1099,MF,0.006457867,0.040656373,0.047580816,0.0
996,CC,0.0064719375,0.024542348,0.0014893969,0.0
1454,CC,0.0013881543,0.11882325,0.010851606,0.0
987,CL,0.028550386,0.0076891906,0.0018132741,0.0
1504,MF,0.006587965,0.014496575,0.032500584,0.0
157,CL,0.03819654,0.013388332,0.0054813717,0.0
333,CC,0.008924913,0.07852402,0.0053886496,0.0
913,CC,0.0003215481,0.009945856,0.00035946356,0.0
1501,CC,0.040952988,0.13747962,0.0021879226,0.0
1071,CL,0.12654072,0.016307656,0.0027664548,0.0
742,CL,0.053351562,0.01821125,0.011512652,0.0
1305,CL,0.031070944,0.00430941,0.0011619421,0.0
1476,MF,0.072202116,0.004709928,0.15036894,0.0
786,CL,0.022966197,0.0068932013,0.022814827,0.0
763,MF,0.0031212189,0.002004532,0.022870801,0.0
1067,CL,0.045514166,0.007308342,0.007104362,0.0
1447,CC,0.016302662,0.029261773,0.0028410638,0.0
726,CL,0.0117058605,0.008763819,0.0101752225,0.0
988,CL,0.019191734,0.010448245,0.0015186679,0.0
299,MF,0.036328074,0.0015266482,0.06239444,0.0
15,CC,0.010635739,0.013191451,0.005273594,0.0
1233,MF,0.0037779752,0.047239464,0.22647765,0.0
463,CC,0.0017970249,0.07351919,0.04516326,0.0
535,MF,0.030676894,0.05298181,0.098456435,0.0
1164,MF,0.02353227,0.009320605,0.04041546,0.0
31,CC,0.002720543,0.018112844,0.0012670127,0.0
1434,CC,0.007681328,0.026198246,0.021531897,0.0
586,MF,0.005617998,0.0045462367,0.013243282,0.0
142,CL,0.3008042,0.013330465,0.00787819,0.0
1118,CL,0.048574515,0.015851356,0.00082810555,0.0
560,CC,0.008509992,0.03362074,0.031658575,0.0
1443,CL,0.024552232,0.011857801,0.00087979104,0.0
383,CL,0.010266456,0.0019935805,0.0027650031,0.0
128,CC,0.0007643809,0.024048734,0.013077787,0.0
1468,CC,0.0005716346,0.030231275,0.01708109,0.0
896,CL,0.11427418,0.0077149225,0.01287656,0.0
609,CL,0.1285587,0.014742419,0.0052384143,0.0
1435,MF,0.002070062,0.039600767,0.045090053,0.0
934,CL,0.058623847,0.0026815073,0.0035234268,0.0
731,MF,0.0246157,0.10304866,0.17389455,0.0
255,CL,0.01576196,0.0075374646,0.0034320657,0.0
823,CC,0.0118893385,0.0276489,0.0017828225,0.0
190,MF,0.0068049496,0.008598687,0.33639994,0.0
1210,MF,0.024075154,0.030712059,0.07527096,0.0
5,CL,0.04622964,0.006102373,0.00969667,0.0
540,CL,0.025347522,0.020636985,0.0049985293,0.0
498,MF,0.042519845,0.031568218,0.059175573,0.0
1283,CL,0.012234289,0.00083861925,0.00055745913,0.0
1598,MF,0.00816464,0.010296106,0.05318304,0.0
1278,CC,0.005649168,0.023182943,0.0061924383,0.0
610,CC,0.010612388,0.024009326,0.00394158,0.0
1560,MF,0.0031794386,0.0006614998,0.013384113,0.0
728,CL,0.09383794,0.05220857,0.04284284,0.0
472,MF,0.003939054,0.017386846,0.022352524,0.0
622,CL,0.0116016315,0.004328544,0.011298312,0.0
844,CL,0.052223682,0.008100842,0.036410935,0.0
655,CL,0.03613565,0.019905463,0.009779456,0.0
321,MF,0.001840433,0.0031551206,0.004308146,0.0
1531,CC,0.0054170513,0.04404977,0.0025114242,0.0
100,CC,0.0033293762,0.01858599,0.013770793,0.0
1181,CL,0.0058224457,0.0006007156,0.004192237,0.0
377,CC,0.027571943,0.04017604,0.005224049,0.0
71,MF,0.044080857,0.04188776,0.15451336,0.0
1420,CL,0.040214065,0.019482385,0.008019205,0.0
606,CC,0.0051433137,0.009255928,0.0071797566,0.0
1542,CL,0.028643886,0.00858161,0.02063252,0.0
453,MF,0.00096144096,0.0012423724,0.021471929,0.0
253,CC,0.0045285844,0.043850493,0.0108613605,0.0
787,CL,0.027227828,0.016015697,0.019175071,0.0
1016,CL,0.08659806,0.028710216,0.006634321,0.0
1509,MF,0.007812976,0.009176903,0.028828457,0.0
671,CL,0.05838202,0.004173507,0.028266467,0.0
53,CL,0.028827034,0.001980186,0.0054169255,0.0
818,CL,0.07373007,0.034003764,0.023306014,0.0
403,CL,0.101037614,0.0006821241,0.046592403,0.0
1349,CL,0.03424538,0.02129543,0.0014912771,0.0
183,CL,0.040956922,0.03033481,0.012993463,0.0
212,CL,0.11225546,0.012305781,0.04973261,0.0
274,CL,0.016165594,0.000697126,0.0067991028,0.0
1480,MF,0.013705382,0.0013812489,0.038060285,0.0
1512,MF,0.043060362,0.0071882666,0.057760566,0.0
637,CL,0.09356303,0.017758835,0.011258125,0.0
984,CL,0.44531968,0.03993004,0.005558519,0.0
1547,MF,0.0031914802,0.039192483,0.102153726,0.0
758,CL,0.03180986,0.014968353,0.0070182555,0.0
856,CL,0.5249422,0.012386723,0.0036322675,0.0
764,MF,0.021212649,0.0042891,0.02722526,0.0
1487,CC,0.10731291,0.6477419,0.01724433,0.0
862,CC,0.018806063,0.02792363,0.017110135,0.0
74,CC,0.02309688,0.3621105,0.021062693,0.0
152,CL,0.05025338,0.01055017,0.037680984,0.0
239,CL,0.03704659,0.004093208,0.0036108117,0.0
545,CC,0.0021961848,0.23995127,0.0020890008,0.0
257,MF,0.00067021477,0.006230084,0.009882556,0.0
367,CC,0.002640697,0.0116801765,0.0020119117,0.0
1577,MF,0.0059295455,0.004843442,0.038400486,0.0
1359,MF,0.010783631,0.011860479,0.12673582,0.0
1180,MF,0.0027286627,0.013526581,0.031655397,0.0
599,MF,0.002975703,0.010155958,0.012363437,0.0
336,CC,0.004254078,0.03186262,0.017883712,0.0
1437,CC,0.0072807805,0.017384605,0.005797959,0.0
756,CC,0.012435749,0.014737356,0.009362389,0.0
196,CC,0.0032616854,0.06756976,0.025593704,0.0
406,MF,0.004305749,0.00882545,0.021169847,0.0
280,CL,0.031833995,0.006812424,0.009714117,0.0
235,CL,0.053930044,0.0026968431,0.0021867445,0.0
829,CC,0.005162701,0.0065049445,0.003746068,0.0
766,MF,0.006170518,0.006978276,0.02702265,0.0
320,MF,0.01802114,0.027505096,0.062311474,0.0
1241,CC,0.026939252,0.07244475,0.011816766,0.0
1544,CL,0.037837435,0.019052116,0.0013025805,0.0
1377,CL,0.03234217,0.0047450266,0.0033858179,0.0
407,CL,0.03838579,0.024090396,0.00408061,0.0
1256,CC,0.008197797,0.12500556,0.003890899,0.0
305,CC,0.0015385471,0.023823427,0.011426755,0.0
368,CL,0.026217273,0.023025757,0.0082618715,0.0
24,CC,0.027973484,0.03311627,0.0035157455,0.0
590,MF,0.003064582,0.0067905136,0.04446594,0.0
38,MF,0.003960022,0.0039839554,0.009364468,0.0
402,CL,0.038662907,0.019469015,0.0008846206,0.0
454,CL,0.06927476,0.015162808,0.013586859,0.0
595,CL,0.010241605,0.002737214,0.0016191887,0.0
874,CC,0.001983959,0.045594927,0.002826404,0.0
1543,CL,0.023263313,0.01267404,0.010403413,0.0
1581,MF,0.00029827337,0.0142234955,0.021220943,0.0
974,CL,0.03233133,0.010854657,0.017912075,0.0
1183,CL,0.07093815,0.0018247458,0.0025378282,0.0
1535,CC,0.0072370656,0.012659453,0.010369233,0.0
1286,MF,0.018403573,0.014220113,0.026807787,0.0
1453,CC,0.009948895,0.012262984,0.0047215545,0.0
677,CC,0.014693207,0.01893967,0.0004689452,0.0
625,CC,0.008605335,0.011954974,0.006285058,0.0
1460,CC,0.0075564897,0.019690905,0.0145773925,0.0
400,CL,0.042663783,0.0016680817,0.0004514634,0.0
267,CC,0.036600173,0.13147707,0.003971493,0.0
259,MF,0.007227305,0.017554764,0.09088127,0.0
657,CC,0.018803315,0.018837726,0.0037803345,0.0
928,MF,0.010627188,0.0048784027,0.022709249,0.0
505,CC,0.023722922,0.23898526,0.01941642,0.0
1194,CC,0.01789731,0.03556868,0.012951817,0.0
1498,CC,0.002448888,0.0035529274,0.0017371905,0.0
1077,CL,0.50296974,0.0070163687,0.038660362,0.0
149,CL,0.12947154,0.033784032,0.0074847955,0.0
1433,CC,0.0026708953,0.0370758,0.0014644433,0.0
318,CL,0.0476154,0.0035640819,0.0014402947,0.0
857,CC,0.008762502,0.01592235,0.0123147275,0.0
1304,MF,0.0348642,0.030650932,0.06978847,0.0
1360,CL,0.07333928,0.040335424,0.0040568667,0.0
1594,MF,0.008351998,0.0089505715,0.011770314,0.0
1363,CC,0.00031830953,0.012522712,0.0014796053,0.0
394,MF,0.011333084,0.009928063,0.03910791,0.0
1365,CC,0.02417251,0.04438102,0.020672096,0.0
869,CL,0.04189627,0.0017365706,0.008907821,0.0
1081,CL,0.22656693,0.023633704,0.006542658,0.0
1525,MF,0.00066963566,0.025784617,0.048596986,0.0
14,CL,0.0071556577,0.0038839802,0.002984734,0.0
197,CL,0.019617464,0.018035399,0.0010337442,0.0
744,CL,0.035019413,0.002500211,0.0005005734,0.0
1597,CL,0.0067951437,0.0067641777,0.0032104726,0.0
1126,MF,0.024683755,0.022122715,0.04552595,0.0
1510,CC,0.003945845,0.030972516,0.011073492,0.0
1566,MF,0.00436197,0.0028757257,0.020173712,0.0
876,CC,0.00915167,0.016325511,0.006094032,0.0
1609,CC,0.0076429443,0.05116014,0.02400687,0.0
868,CL,0.059202075,0.0047367285,0.006102211,0.0
1132,CC,0.0050980113,0.007937389,0.0021072298,0.0
504,CC,0.09331195,0.6819315,0.012330577,0.0
315,CL,0.05413836,0.027941277,0.0023196673,0.0
1090,CC,0.014159268,0.034709167,0.0048438716,0.0
283,CL,0.015864193,0.0065111355,0.007950929,0.0
1493,CL,0.03454559,0.00829132,0.004921035,0.0
587,CC,0.004156532,0.05777958,0.0046270005,0.0
1107,CC,0.026800891,0.04142468,0.0033988003,0.0
581,CL,0.014009857,0.0019903232,0.0051156287,0.0
161,CL,0.010000839,0.0074670757,0.008614998,0.0
698,CC,0.00057001354,0.06139245,0.024178708,0.0
1096,CL,0.5567814,0.013729871,0.013117425,0.0
91,CL,0.04212863,0.017737163,0.0035052283,0.0
1244,CC,0.024300264,0.10437862,0.008527418,0.0
769,CC,0.02135113,0.030618861,0.016732916,0.0
13,MF,0.0005115219,0.0030096795,0.010940872,0.0
1398,MF,0.0012595892,0.014845429,0.18040119,0.0
99,CL,0.022068685,0.004318943,0.0037824414,0.0
1612,CC,0.000971747,0.1035167,0.006147775,0.0
602,MF,5.8684982e-05,0.00078063604,0.010029145,0.0
750,CL,0.04430996,0.008969308,0.0014725394,0.0
1452,CC,0.015052821,0.05830352,0.016401017,0.0
396,CL,0.06984574,0.020740585,0.008335104,0.0
1567,CL,0.047522742,0.015073597,0.019738166,0.0
1575,MF,0.01884134,0.022297103,0.042751353,0.0
1251,CC,0.013707434,0.01575742,0.0057177143,0.0
551,MF,0.01131688,0.006606045,0.052345127,0.0
1314,CL,0.064741105,0.0388569,0.0030283504,0.0
783,CL,0.24748789,0.021521527,0.026578462,0.0
1235,MF,0.01152118,0.0017787353,0.012298689,0.0
39,CL,0.036536295,0.028373234,0.013145682,0.0
812,CL,0.024471695,0.024400406,0.0021975322,0.0
136,CL,0.090383835,0.009638235,0.013858884,0.0
951,CC,0.0021959154,0.01280109,0.002832993,0.0
1097,CL,0.0629059,0.027489811,0.04770793,0.0
155,CL,0.05394452,0.005661438,0.010511228,0.0
853,CL,0.042792458,0.0027035899,0.007949937,0.0
566,CL,0.033126533,0.0062445994,0.010311219,0.0
62,CL,0.011833594,0.0062800655,0.0040911655,0.0
170,CC,0.017290158,0.032646906,0.011378791,0.0
254,CC,0.08005683,0.11047017,0.010857059,0.0
1416,MF,0.008896938,0.007156982,0.036132246,0.0
113,MF,0.020073589,0.02632043,0.029274942,0.0
216,CC,0.018418903,0.02470981,0.0023505075,0.0
1263,CC,0.017964223,0.031731147,0.018484507,0.0
548,CL,0.2111126,0.070612445,0.007928214,0.0
1297,CC,0.021862475,0.03466178,0.005645299,0.0
114,CL,0.01695799,0.004195399,0.0035710332,0.0
1234,MF,0.0044327867,0.005700829,0.019700523,0.0
281,CC,0.0053451927,0.006166709,0.0004192696,0.0
737,CL,0.043790236,0.007614257,0.01107359,0.0
1039,CL,0.6109114,0.17453475,0.01876309,0.0
1490,MF,0.0010523249,0.0011199452,0.0029493538,0.0
925,CL,0.15807019,0.015569571,0.005587259,0.0
612,CL,0.022338154,0.007885547,0.0039404477,0.0
446,CC,0.0087066665,0.009617883,0.0011309895,0.0
116,CL,0.09704777,0.07211638,0.010584173,0.0
1123,CL,0.026402956,0.019084077,0.009684273,0.0
948,MF,0.002722211,0.0018575762,0.0059067975,0.0
945,CC,0.0029822476,0.0037749005,0.0018014858,0.0
202,CC,0.0012790278,0.007460177,0.00077328284,0.0
800,CL,0.0645035,0.010283899,0.000436793,0.0
352,MF,0.021841735,0.06785304,0.0829747,0.0
522,CC,0.03613325,0.07112604,0.00478115,0.0
910,MF,0.002267621,0.002166831,0.02685516,0.0
1530,CL,0.045226987,0.02239632,0.0014100933,0.0
573,CL,0.04189488,0.025562298,0.024167666,0.0
1072,MF,0.059517175,0.016166708,0.2863668,0.0
1449,CL,0.22011694,0.03383454,0.004242967,0.0
1326,CC,0.01856656,0.026109613,0.015477948,0.0
842,CC,0.019231834,0.04538924,0.0050557223,0.0
949,CL,0.024259673,0.0024280087,0.0077264267,0.0
461,CC,0.0022837091,0.004678311,0.0023126076,0.0
175,CL,0.045430984,0.0054004802,0.010036888,0.0
699,CL,0.021612147,0.009621518,0.008708214,0.0
710,CL,0.5723489,0.05051552,0.024102155,0.0
1249,CC,0.007770897,0.05356523,0.0039724037,0.0
541,CC,0.015078979,0.11204837,0.026052311,0.0
331,CL,0.05189063,0.031572174,0.018264167,0.0
78,CL,0.028091436,0.0076765646,0.010125349,0.0
227,CL,0.06435903,0.00875433,0.043168157,0.0
878,CL,0.8001528,0.0042385333,0.006756167,0.0
1150,CL,0.04653236,0.024452312,0.0019668636,0.0
1529,CL,0.01909477,0.0070940666,0.00058314425,0.0
1300,MF,0.015155697,0.010865931,0.018872526,0.0
1533,MF,0.0152122835,0.018146962,0.018896427,0.0
1198,CL,0.028238261,0.016552517,0.016755149,0.0
211,CC,0.0047472385,0.0067812325,0.0041579492,0.0
1137,CL,0.012353234,0.01175352,0.009428448,0.0
1281,CC,0.0025093728,0.025177853,0.01035303,0.0
748,CC,0.019375622,0.023308467,0.008554047,0.0
11,CL,0.015355873,0.0043718903,0.012131234,0.0
7,CC,0.028579615,0.05674782,0.0064366017,0.0
1217,CC,0.025626823,0.14009236,0.05487641,0.0
431,CC,0.02681943,0.07979473,0.043878835,0.0
621,MF,0.014530997,0.025717655,0.043412052,0.0
832,CL,0.026411721,0.007576306,0.0072987415,0.0
765,CL,0.07459811,0.07221327,0.019240601,0.0
861,CL,0.037944708,0.033120144,0.004187381,0.0
1475,CC,0.010892608,0.024381543,0.007472634,0.0
559,MF,0.0013896828,0.00076625956,0.015807623,0.0
1615,CL,0.05951855,0.0094241835,0.0051361257,0.0
887,CC,0.000623618,0.009415546,0.0022975763,0.0
1119,CL,0.027176378,0.0034743552,0.013324045,0.0
1089,CL,0.0050382405,0.0016398161,0.0018853445,0.0
1604,CC,0.03709466,0.041768793,0.020659167,0.0
1593,CL,0.019345932,0.019164257,0.012046553,0.0
1441,CC,0.017335208,0.05477962,0.023630908,0.0
1358,CL,0.30254328,0.011792342,0.057599813,0.0
1219,MF,0.027352376,0.009503395,0.11045091,0.0
409,CC,0.029690586,0.112712175,0.00368953,0.0
1276,CL,0.0027375082,0.0016926078,0.00037258473,0.0
464,CC,0.030073607,0.07359474,0.010469308,0.0
1218,CL,0.059627395,0.0062939688,0.026874075,0.0
689,CC,0.023643654,0.091413364,0.022711877,0.0
191,CC,0.03042015,0.061074622,0.015195862,0.0
817,CL,0.008160937,0.0020955577,0.002474434,0.0
517,CL,0.070823886,0.020947393,0.01329093,0.0
1048,CL,0.099455796,0.048269037,0.0069560963,0.0
567,MF,0.002837203,0.0028103923,0.015900929,0.0
918,MF,0.0018644611,0.023197249,0.04488122,0.0
1032,CL,0.057029277,0.02403788,0.0060066897,0.0
1511,CL,0.005805776,0.0038883975,0.005739317,0.0
186,CL,0.009491647,0.0035857556,0.001596755,0.0
994,CL,0.0176669,0.014604501,0.005988408,0.0
1134,CC,0.054552983,0.17179579,0.019868314,0.0
301,MF,0.0044793067,0.006406762,0.040515818,0.0
1325,MF,0.013057867,0.0031747844,0.021731438,0.0
487,CL,0.006912202,0.0038953903,0.006101352,0.0
1385,CL,0.047781423,0.028542625,0.003915047,0.0
1407,CL,0.022029465,0.007707797,0.007213444,0.0
670,CL,0.056115534,0.0049987305,0.004047816,0.0
506,CC,0.0049005505,0.025261803,0.0073025045,0.0
1173,CL,0.0777227,0.021488221,0.023651838,0.0
228,MF,0.0013231435,0.022906084,0.027336746,0.0
389,CL,0.0709668,0.019232929,0.06683318,0.0
258,MF,0.004569312,0.011750368,0.022839582,0.0
531,CC,0.010174598,0.04170426,0.0004991883,0.0
1366,CC,0.010044978,0.025121294,0.0025378668,0.0
1203,CC,0.024168136,0.09041322,0.006857657,0.0
1295,CL,0.031708676,0.025298333,0.0133502735,0.0
443,CL,0.019571653,0.008189126,0.0025629995,0.0
1187,MF,0.015629483,0.010274594,0.017487325,0.0
119,CC,0.016524317,0.020837184,0.0037800309,0.0
1540,CC,0.028607829,0.038046453,0.011387125,0.0
1064,CL,0.059753142,0.026383089,0.014776241,0.0
780,MF,0.013794217,0.01593176,0.018339787,0.0
64,MF,0.008932504,0.006419013,0.019462552,0.0
180,CL,0.10906212,0.08676148,0.029089976,0.0
1485,CC,0.027886862,0.40890884,0.006545969,0.0
577,MF,0.015063734,0.0018818213,0.021237923,0.0
1280,CC,0.0019236333,0.09483171,0.025310716,0.0
805,MF,0.011998144,0.012503258,0.018355146,0.0
484,CL,0.013357083,0.01205709,0.010815184,0.0
989,MF,0.017598683,0.011298994,0.042302825,0.0
772,CC,0.016154267,0.018673435,0.008022172,0.0
30,CL,0.21000968,0.00026614373,0.021513635,0.0
1050,MF,0.0055791843,0.0030141012,0.007955787,0.0
1610,CC,0.025373707,0.02599954,0.014437067,0.0
251,MF,0.016532922,0.004437705,0.03227873,0.0
995,CL,0.08323205,0.005480335,0.04486028,0.0
1395,MF,0.013730706,0.0246335,0.04495888,0.0
1422,CC,0.03128706,0.039305672,0.0077421144,0.0
276,CL,0.024697667,0.011193458,0.006173218,0.0
1189,MF,0.0014174626,0.009962129,0.018744912,0.0
391,CL,0.14793622,0.03262491,0.0015255053,0.0
751,CL,0.05761356,0.006906915,0.020721694,0.0
1562,CC,0.019799192,0.046454977,0.01037542,0.0
733,CL,0.16215871,0.0019792297,0.0049938876,0.0
1356,CL,0.060971443,0.0019210642,0.010465244,0.0
923,CC,0.011102348,0.060196467,0.010033083,0.0
1290,CC,0.0046213777,0.0075960895,0.007098337,0.0
210,MF,0.008018576,0.01568511,0.03253271,0.0
897,CL,0.0067958254,0.0019875444,0.0036123833,0.0
65,MF,0.008975469,0.0424649,0.059989985,0.0
1054,CL,0.041877534,0.023830153,0.034925237,0.0
1603,MF,0.008158101,0.028868908,0.030213296,0.0
1526,CC,0.0042243283,0.04305918,0.00727605,0.0
579,MF,0.005528696,0.020979557,0.09262408,0.0
297,CC,0.021090565,0.036511004,0.022704268,0.0
796,MF,0.019940648,0.0023014105,0.024706915,0.0
392,MF,6.893778e-05,0.0047576423,0.04878549,0.0
176,CL,0.012353065,0.0047668316,0.0033053067,0.0
144,MF,0.005289642,0.003427978,0.007973872,0.0
660,CC,0.018743843,0.03324144,0.003191248,0.0
1174,MF,0.005055185,0.0058766515,0.32276115,0.0
706,CL,0.21189882,0.051703673,0.024120115,0.0
290,MF,0.029582448,0.004114964,0.1035558,0.0
919,CC,0.0070859226,0.0073460913,0.0030361894,0.0
916,CC,0.00045332892,0.037650093,0.0016414094,0.0
1272,CC,0.0036258348,0.010913223,0.001041249,0.0
1243,MF,0.008567042,0.011560917,0.03354368,0.0
774,CL,0.01551497,0.008955273,0.0061188336,0.0
1462,CL,0.030941924,0.01588224,0.0022243941,0.0
1429,CL,0.018978903,0.011785776,0.013053075,0.0
261,CL,0.7319418,0.038743895,0.00329246,0.0
815,CC,0.006187091,0.043665815,0.0059507363,0.0
364,CL,0.026355965,0.00982844,0.004388322,0.0
1271,CL,0.025025038,0.007906936,0.0030353956,0.0
597,CC,0.012408624,0.014477282,0.010617395,0.0
411,CC,0.010000896,0.015133229,0.00211406,0.0
1020,MF,0.011706943,0.028108833,0.030200128,0.0
25,CL,0.040199548,0.022934126,0.032933384,0.0
471,CL,0.026152296,0.010934832,0.009938342,0.0
680,CC,0.015146611,0.035343517,0.023369687,0.0
467,CL,0.048314523,0.020187287,0.0013320005,0.0
514,CC,0.0013747305,0.36492872,0.0069429106,0.0
659,CC,0.026051797,0.16561453,0.03760518,0.0
647,MF,0.012964143,0.0020217118,0.03899,0.0
1051,CC,0.0123675885,0.04685965,0.014638012,0.0
933,CL,0.026776867,0.01110006,0.024314184,0.0
1062,CL,0.064527325,0.01310231,0.00047521564,0.0
425,CC,0.036279645,0.04929632,0.038736038,0.0
749,CL,0.038134705,0.009568984,0.00599329,0.0
344,CC,0.0018011027,0.036824107,0.0038612026,0.0
265,MF,0.032863013,0.004258457,0.09384775,0.0
920,CC,0.0019686026,0.0060174637,0.00071114564,0.0
768,MF,0.0010342543,0.0016336031,0.0063895495,0.0
28,CL,0.03714787,0.0060506784,0.007913653,0.0
1474,CL,0.06741663,0.0127752405,0.059046812,0.0
620,CL,0.050723303,0.022797393,0.0050018835,0.0
902,CC,0.01003541,0.01814656,0.0046179965,0.0
523,CC,0.004164138,0.016666502,0.0012113423,0.0
1197,CC,0.0037459417,0.05860831,0.0068147248,0.0
41,CL,0.053129643,0.0019905241,0.025862385,0.0
434,CC,0.005454107,0.06821205,0.007755544,0.0
1008,MF,0.0133329,0.0016019111,0.04375847,0.0
1607,CC,0.004445665,0.0075223586,0.007256492,0.0
605,MF,0.017375525,0.012137641,0.029433835,0.0
1351,CL,0.011110513,0.0011396273,0.003840345,0.0
288,CL,0.08356742,0.04104615,0.0041767983,0.0
55,CC,0.023259435,0.027823765,0.018363303,0.0
166,MF,0.021138227,0.040533718,0.07936647,0.0
1605,CL,0.020731537,0.0034579493,0.00064619095,0.0
1106,MF,0.012646812,0.07859691,0.081348084,0.0
930,CL,0.16028684,0.10734467,0.06552898,0.0
426,CC,0.014341181,0.06319526,0.015140288,0.0
516,MF,0.005271273,0.016904522,0.019971037,0.0
295,CL,0.011430181,0.010776771,0.0039890697,0.0
373,CL,0.040656373,0.0013339543,0.012409886,0.0
1002,CC,0.006039207,0.017654318,0.0021988228,0.0
1185,CL,0.09642913,0.0027263823,0.021725407,0.0
538,MF,0.001524737,0.013831039,0.09054824,0.0
1327,CC,0.012405317,0.12284694,0.0039372263,0.0
1387,CL,0.033531584,0.008495596,0.0036977262,0.0
1031,CC,0.012533478,0.028389258,0.020139866,0.0
266,CC,0.01769206,0.030406184,0.011458227,0.0
486,CC,0.022945723,0.060070597,0.01370653,0.0
205,CC,0.01444414,0.016509747,0.009734863,0.0
1093,MF,0.0030835792,0.0061390814,0.04622883,0.0
656,CC,0.013978307,0.014130894,0.002309549,0.0
1401,CL,0.017986834,0.012205075,0.0020258971,0.0
359,CC,0.004200997,0.10903303,0.0061080176,0.0
1503,CC,0.0010667569,0.011031285,0.0042348034,0.0
804,CC,0.026062822,0.026963688,0.006004,0.0
1245,CL,0.24642202,0.004059056,0.026323918,0.0
626,MF,0.017121727,0.03173233,0.034248125,0.0
309,CC,0.016216384,0.037111975,0.021183878,0.0
138,CC,0.0023653295,0.04159639,0.029077837,0.0
788,CC,0.00079641683,0.3814678,0.008883543,0.0
967,CL,0.039632786,0.015253649,0.0007474618,0.0
687,MF,0.008819521,0.00789431,0.02059913,0.0
115,CC,0.025293965,0.035441756,0.0026267737,0.0
779,CL,0.035223708,0.017061662,0.011389562,0.0
940,CC,0.014675764,0.10052153,0.0115691265,0.0
1066,MF,0.0016744703,0.0034310825,0.03881929,0.0
405,MF,0.03010285,0.025375508,0.038319916,0.0
997,CL,0.029967671,0.018493988,0.0016226001,0.0
1192,CL,0.05105189,0.0018326917,0.013642481,0.0
1260,CL,0.02173263,0.01738327,0.0012327841,0.0
1455,CC,0.03537175,0.05910194,0.0095295,0.0
866,CL,0.021213248,0.010496948,0.0069394954,0.0
493,CL,0.023887202,0.008429757,0.0010175315,0.0
165,CC,0.009989044,0.015810814,0.009208805,0.0
353,CL,0.02898377,0.005011554,0.01766997,0.0
92,CL,0.009280233,0.0010344973,0.0021241657,0.0
1226,MF,0.015741771,0.00024500504,0.021088606,0.0
1324,CC,0.0027857597,0.01431062,0.0014051327,0.0
1136,CL,0.056856487,0.021711154,0.0007712539,0.0
1229,MF,0.0018290526,0.01163511,0.014519802,0.0
1129,CC,0.00042125132,0.02950556,0.011925226,0.0
270,CL,0.053288467,0.027494414,0.008863075,0.0
98,CL,0.09477958,0.06310853,0.0021198995,0.0
1131,CL,0.025183745,0.018555941,0.0034266307,0.0
708,CC,0.0023052217,0.021437502,0.0065839463,0.0
350,CL,0.06949588,0.008822285,0.017359056,0.0
354,MF,0.001393653,0.0017839387,0.01986922,0.0
1614,CL,0.08747749,0.06094395,0.021321759,0.0
106,CL,0.044424407,0.00033027548,0.010009326,0.0
188,CC,0.018247988,0.046102025,0.018032912,0.0
1586,CL,0.091670156,0.009822559,0.0031161623,0.0
607,MF,0.005129016,0.006018174,0.025480347,0.0
1193,CL,0.0070427093,0.004511977,0.0008553189,0.0
681,CL,0.019575177,0.0061650234,0.00038838957,0.0
574,CC,0.00073757756,0.28689343,0.0046258806,0.0
81,CC,0.0012017952,0.016213417,0.0131436605,0.0
1608,CL,0.0104877055,0.009796246,0.00063277467,0.0
1172,CL,0.03710581,0.027221724,0.020421652,0.0
957,CC,0.004816335,0.010015689,0.0077796495,0.0
580,CC,0.017100299,0.025989909,0.004552903,0.0
94,CL,0.040020585,0.016601762,0.015199323,0.0
1156,CL,0.012658457,0.0045991107,0.010435795,0.0
52,CC,0.002161203,0.013674677,0.013274956,0.0
1307,MF,0.0074009965,0.0016429448,0.021817548,0.0
312,CC,0.009769431,0.20063855,0.002044521,0.0
218,CL,0.011129368,0.010503013,0.005636229,0.0
1515,MF,0.022542058,0.02098066,0.029211633,0.0
667,CC,0.0047004754,0.013560261,0.007586434,0.0
1341,CL,0.024138551,0.013527872,0.0038782435,0.0
1221,CC,0.011395846,0.023788676,0.0009498721,0.0
1602,CC,0.02300785,0.07044075,0.0052776127,0.0
347,CC,0.0023259383,0.10986436,0.0019490172,0.0
226,CC,0.0014604679,0.013691152,0.012938541,0.0
740,CC,0.0023328918,0.00493576,0.0022497997,0.0
978,CC,0.02340279,0.04847519,0.0046089464,0.0
1204,CL,0.051978264,0.0031962225,0.0028448256,0.0
1357,MF,0.007334993,0.008619434,0.024129068,0.0
66,CC,0.004156161,0.0045034476,0.0038013074,0.0
1074,MF,0.0206051,0.01142326,0.07213817,0.0
40,MF,0.0018826921,0.005057068,0.013098438,0.0
1023,MF,0.046195716,0.022154303,0.08848337,0.0
141,CL,0.15525699,0.0015538543,0.0034870247,0.0
789,CC,0.002125143,0.0070255906,0.0048355605,0.0
1601,CL,0.055263303,0.0020371675,0.02182402,0.0
1339,MF,0.028443234,0.009900751,0.045550335,0.0
1374,CC,0.02442922,0.02489225,0.012252795,0.0
771,CL,0.63195556,0.0011609144,0.0040419553,0.0
1414,CC,0.013265665,0.037341334,0.028831707,0.0
474,CL,0.022649636,0.0037175312,0.004647205,0.0
755,MF,0.013538897,0.0011768988,0.014440161,0.0
669,MF,0.016342688,0.011959532,0.18781371,0.0
958,CC,0.0029534358,0.017639827,0.016671276,0.0
1021,CL,0.012840603,0.0042741583,0.0011597605,0.0
1328,MF,0.01561506,0.0010369408,0.02483861,0.0
289,CL,0.012392034,0.007396181,0.0028722917,0.0
111,CC,0.0043486063,0.0120817665,0.0059556435,0.0
379,MF,0.0024920995,0.003994753,0.02121099,0.0
803,CL,0.012806303,0.012063976,0.011485172,0.0
414,CL,0.05203833,0.003890729,0.005730877,0.0
1472,MF,0.0045012785,0.0149974385,0.030029435,0.0
56,CC,0.021556063,0.18526362,0.006692068,0.0
1047,CC,0.0043424834,0.03377982,0.0015382518,0.0
828,CL,0.07297064,0.05664762,0.023955494,0.0
1242,CL,0.27494144,0.0033727183,0.0032519673,0.0
1321,CC,0.020777473,0.08264992,0.0072517917,0.0
854,MF,0.011542084,0.00622407,0.02203587,0.0
263,CC,0.046820886,0.059560627,0.019708388,0.0
433,CL,0.0058948705,0.0021631976,0.00029250706,0.0
1010,CC,0.029196769,0.05032905,0.0019385777,0.0
442,CL,0.015454373,0.0020694092,0.0026767661,0.0
1541,CC,0.0007862528,0.0070885033,0.0055558365,0.0
1202,CL,0.01934634,0.000648899,0.013669225,0.0
1200,CC,0.057671826,0.11342421,0.014108513,0.0
250,CL,0.1706842,0.0029555357,0.0041610245,0.0
1240,CC,0.08688761,0.11528082,0.04262179,0.0
845,CL,0.032227837,0.018819293,0.0028222422,0.0
108,MF,0.011645368,0.014557965,0.030149546,0.0
674,CL,0.05527573,0.024885535,0.035469215,0.0
1215,CL,0.039328918,0.0036039988,0.006891328,0.0
841,MF,0.0062946817,0.012450328,0.040267453,0.0
246,MF,0.0038556494,0.0023036213,0.013109354,0.0
1318,MF,0.00963363,0.01132818,0.14604646,0.0
1148,MF,0.0012703103,0.0029462846,0.03375927,0.0
1262,CL,0.021234995,0.01994042,0.008650935,0.0
565,CC,0.0032593452,0.017730352,0.006549979,0.0
200,CL,0.027593011,0.012382087,0.004588459,0.0
1184,CL,0.17713383,0.029618187,0.007131713,0.0
1080,CC,0.016958443,0.6921718,0.03495185,0.0
1075,CC,0.030787697,0.03209904,0.019607915,0.0
1105,CC,0.0065767365,0.01712176,0.0039847107,0.0
1576,CC,0.022047326,0.037570678,0.033631764,0.0
717,CL,0.034652185,0.011968911,0.0025657036,0.0
1152,CL,0.043727197,0.024160022,0.0016811234,0.0
858,CC,0.01479802,0.054235946,0.025259374,0.0
198,MF,0.0017900246,0.005954957,0.006783912,0.0
89,CC,0.00076419994,0.02759256,0.0042373356,0.0
1448,CL,0.69133884,0.008975533,0.07248529,0.0
526,CC,0.009763994,0.016076913,0.0007570812,0.0
1133,CC,0.032333266,0.05364459,0.0044232155,0.0
794,CC,0.0004933536,0.0063178423,0.00217807,0.0
712,MF,0.004111128,0.007735465,0.018608248,0.0
830,MF,0.028662194,0.0085043805,0.039694812,0.0
1124,CL,0.14291486,0.037154224,0.028338578,0.0
485,CL,0.088044636,0.033027504,0.00591559,0.0
807,CC,0.015492189,0.03825834,0.018061271,0.0
1551,CL,0.20729524,0.0061139637,0.0077682026,0.0
572,CC,0.017391263,0.032896537,0.0009873332,0.0
366,CL,0.028177401,0.025078699,0.011506098,0.0
242,CC,0.064248376,0.15144435,0.0056674806,0.0
986,CL,0.023916053,0.011705674,0.0013604622,0.0
313,CC,0.013528208,0.01824975,0.014733478,0.0
1109,CL,0.06052141,0.0127016725,0.0021258015,0.0
1570,CL,0.05639498,0.0062634293,0.003316619,0.0
1539,CL,0.012256668,0.0061160848,0.001026408,0.0
1589,MF,0.018119643,0.025167251,0.027823815,0.0
1257,CL,0.1115168,0.013524035,0.01987448,0.0
1375,CC,0.005208239,0.027600186,0.01384098,0.0
1320,CC,0.008457211,0.011581014,0.011090109,0.0
121,CL,0.017977975,0.005720667,0.0056428555,0.0
381,MF,0.023129158,0.0056260675,0.13539338,0.0
1095,MF,0.0048533026,0.010774357,0.013128206,0.0
1430,CL,0.011224311,0.0073882425,0.008971326,0.0
589,CC,0.0038732544,0.038840752,0.020502096,0.0
1370,CL,0.012586815,0.0031706083,0.0016345949,0.0
652,MF,0.009066558,0.006175187,0.012045877,0.0
999,MF,0.038976587,0.009000516,0.045580808,0.0
1354,CC,0.0029233831,0.040900294,0.0113207055,0.0
1022,CC,0.00063383393,0.0052083055,0.0019775312,0.0
355,CC,0.0026753128,0.024612127,0.0071687526,0.0
991,CL,0.02733528,0.001101809,0.0024772838,0.0
439,CC,0.012652845,0.074615575,0.028583469,0.0
646,CC,0.007812518,0.20700431,0.016540281,0.0
1122,CL,0.03880424,0.009780855,0.033602238,0.0
1222,CC,0.0059632,0.033959363,0.009617656,0.0
635,CC,0.040493228,0.10341961,0.06158436,0.0
521,MF,0.0036264013,0.0069186115,0.04088385,0.0
173,CC,0.030443467,0.061666053,0.021431519,0.0
1587,CL,0.026006278,0.0034285723,0.008029305,0.0
839,MF,0.0046911733,0.0017267056,0.012104998,0.0
237,CC,0.0037269793,0.023600284,0.019083742,0.0
937,MF,0.008226211,0.025263,0.03267403,0.0
701,CC,0.013527718,0.019179326,0.018262124,0.0
1419,MF,0.004149297,0.01858779,0.08427283,0.0
59,CC,0.013216639,0.024289953,0.0049268454,0.0
1410,CC,0.03165257,0.11652618,0.041139305,0.0
1386,MF,0.014174439,0.018766684,0.025606096,0.0
835,CL,0.018075313,0.010848014,0.004246512,0.0
177,CL,0.07160946,0.0037294535,0.06204182,0.0
1153,MF,0.015557561,0.018960001,0.04303402,0.0
524,CL,0.0659346,0.0036566816,0.002497602,0.0
665,CL,0.089111336,0.024418352,0.0011883237,0.0
773,CC,0.033274364,0.05997421,0.0011093081,0.0
743,CL,0.05960863,0.012221314,0.015153626,0.0
912,MF,0.056841977,0.0036331858,0.1428077,0.0
719,CC,0.0059038415,0.03046097,0.014124319,0.0
752,CL,0.042906582,0.0050946386,0.0057205963,0.0
508,MF,0.0066389833,0.010011014,0.039220262,0.0
870,CC,0.04556648,0.123050146,0.020475999,0.0
814,CC,0.0011397114,0.027290106,0.004739308,0.0
1397,CL,0.01113499,0.004385163,0.007789056,0.0
224,CL,0.056746252,0.01919565,0.012165609,0.0
888,CC,0.015316426,0.02698453,0.013760913,0.0
1310,CC,0.008287847,0.025655301,0.0076383664,0.0
378,MF,0.005867727,0.0014813294,0.019034613,0.0
432,CL,0.021844612,0.0011290277,0.005731806,0.0
837,CL,0.040878795,0.006084021,0.0060466705,0.0
1301,CC,0.017913451,0.024505714,0.0034373687,0.0
201,MF,0.01737438,0.009146439,0.018038688,0.0
337,CL,0.11903833,0.021089753,0.0024575712,0.0
1446,CC,0.0040692664,0.03353957,0.00650794,0.0
1068,CC,0.007487963,0.008781807,0.0026788176,0.0
459,CL,0.10880725,0.0028718042,0.0067432937,0.0
623,MF,0.009016333,0.007777702,0.027598567,0.0
153,CC,0.008624806,0.023842802,0.010737168,0.0
592,CC,0.003680033,0.05613764,0.01014131,0.0
214,CC,0.0061680977,0.008269943,0.0027115366,0.0
616,MF,0.0034713354,0.024330659,0.053671215,0.0
555,CL,0.05715724,0.029213944,0.016705118,0.0
778,CC,0.0118693,0.05756448,0.007237572,0.0
1157,CC,0.013724656,0.030534133,0.0022700583,0.0
1451,CL,0.01976434,0.009074286,0.008437118,0.0
1061,CC,0.010954719,0.029121783,0.0054582674,0.0
169,CC,0.017397294,0.1886215,0.0024972504,0.0
781,CL,0.020024326,0.005910836,0.0019690092,0.0
229,MF,0.0014110564,0.0021479037,0.0062530474,0.0
511,CL,0.23390386,0.029495543,0.0015225934,0.0
